序号,可溶性固形物（SSC）,酸碱性（PH）,果皮硬度（N）,色差,maturity_label,maturity_name
1,8.6,2.68,1045.0,34.1385440389269,0,未成熟
2,8.5,2.71,1042.381,34.4025649042788,0,未成熟
3,9.1,2.72,719.714,33.2114222174048,0,未成熟
4,7.4,2.73,1023.152,36.9509122089026,0,未成熟
5,10.3,2.76,912.468,29.6494387932699,0,未成熟
6,10.2,2.63,810.092,28.7969980388466,0,未成熟
7,9.6,2.73,837.859,33.7991759362268,0,未成熟
8,9.5,2.73,999.616,33.8272830866712,0,未成熟
9,7.2,2.72,1012.23,37.866950785478,0,未成熟
10,9.4,2.68,850.089,33.953806920525,0,未成熟
11,7.4,2.73,1074.61,34.9817894105833,0,未成熟
12,6.2,2.67,1278.594,38.993722015187,0,未成熟
13,9.2,2.68,834.013,34.0266909923102,0,未成熟
14,9.3,2.63,948.004,28.7392901234818,0,未成熟
15,9.4,2.74,972.002,26.9854564560763,0,未成熟
16,9.9,2.63,1063.534,32.0824508805575,0,未成熟
17,8.8,2.69,826.321,33.3546890686918,0,未成熟
18,7.9,2.71,1029.767,35.3246623196228,0,未成熟
19,10.1,2.78,871.625,26.4328699544822,0,未成熟
20,10.6,2.69,923.929,23.7090541201058,0,未成熟
21,9.9,2.73,868.856,29.6957112288018,0,未成熟
22,10.5,2.71,718.868,23.0322790154153,0,未成熟
23,10.0,2.75,928.313,26.4387532887553,0,未成熟
24,10.6,2.74,819.552,19.2051340228624,1,半成熟
25,10.7,2.66,730.021,24.4011128158002,0,未成熟
26,10.6,2.76,835.782,24.7857382408134,0,未成熟
27,10.5,2.7,733.867,24.9270074396592,0,未成熟
28,10.0,2.74,761.711,21.3027394679929,1,半成熟
29,10.3,2.69,864.549,28.4764522209936,0,未成熟
30,10.8,2.75,728.559,23.7246219801352,0,未成熟
31,5.3,2.64,1179.217,40.3205259275028,0,未成熟
32,8.9,2.75,823.168,33.5611849036765,0,未成熟
33,8.9,2.73,733.79,33.5248673357368,0,未成熟
34,8.1,2.7,787.247,34.5124997464596,0,未成熟
35,8.6,2.76,941.62,35.5784031874126,0,未成熟
36,9.4,2.77,816.707,32.2774778824343,0,未成熟
37,9.9,2.72,901.085,31.7492746620766,0,未成熟
38,8.8,2.74,783.709,33.9251026049783,0,未成熟
39,9.3,2.69,836.782,34.7445244169415,0,未成熟
40,9.9,2.73,1052.073,32.312480175716,0,未成熟
41,6.6,2.49,1427.275,38.0289243010668,0,未成熟
42,9.0,2.65,1264.057,34.9026954014662,0,未成熟
43,7.3,2.72,1220.06,37.6036182932752,0,未成熟
44,7.3,2.71,1092.224,35.6212626718719,0,未成熟
45,8.5,2.66,988.693,35.1325687279541,0,未成熟
46,7.7,2.51,1298.439,34.6661317294454,0,未成熟
47,9.3,2.61,1131.759,34.0623871265838,0,未成熟
48,10.4,2.7,856.627,21.4436280580642,1,半成熟
49,10.2,2.73,998.077,24.9711392578016,0,未成熟
50,10.1,2.7,968.156,28.8817584036812,0,未成熟
51,10.4,2.7,834.859,26.1868766258003,0,未成熟
52,10.4,2.73,888.778,25.9368320328865,0,未成熟
53,10.1,2.75,809.015,31.1468540698038,0,未成熟
54,10.6,2.75,793.247,20.8114846678144,1,半成熟
55,11.1,2.78,836.167,16.9699760039349,1,半成熟
56,11.4,2.71,959.772,19.2469650574041,1,半成熟
57,12.3,2.69,1048.535,14.0508378602268,1,半成熟
58,11.2,2.77,858.319,16.7192464738725,1,半成熟
59,11.6,2.74,973.771,16.177334522545,1,半成熟
60,11.6,2.76,927.083,15.9198165601503,1,半成熟
61,11.7,2.74,836.705,18.0507838909276,1,半成熟
62,11.4,2.8,900.7,19.2637576972705,1,半成熟
63,11.3,2.75,1093.531,22.9607874020213,0,未成熟
64,11.9,2.82,819.476,16.520967642565,1,半成熟
65,13.0,2.8,866.164,13.6766159202792,1,半成熟
66,11.1,2.75,835.859,22.4236504904517,0,未成熟
67,12.2,2.81,938.159,15.1889594382895,1,半成熟
68,12.2,2.86,878.394,14.8840592276426,1,半成熟
69,11.9,2.74,926.775,15.3671763375968,1,半成熟
70,12.7,2.83,770.095,14.0112858912817,1,半成熟
71,12.2,2.81,747.327,14.6048538294154,1,半成熟
72,11.4,2.78,909.853,19.3449653557967,1,半成熟
73,11.7,2.73,925.544,16.4061380958217,1,半成熟
74,12.5,2.82,814.399,16.0209281880752,1,半成熟
75,12.7,2.75,780.248,13.7114517769682,1,半成熟
76,13.0,2.74,854.319,14.3248996169009,1,半成熟
77,11.6,2.78,807.861,18.4129893083333,1,半成熟
78,11.8,2.79,851.088,17.5867573278735,1,半成熟
79,12.4,2.8,844.935,14.3418713345627,1,半成熟
80,11.9,2.82,748.327,18.5750104713701,1,半成熟
81,12.1,2.77,921.545,17.0964977537656,1,半成熟
82,11.6,2.74,977.694,17.9969166133569,1,半成熟
83,11.2,2.77,814.476,17.5737949134708,1,半成熟
84,12.3,2.75,864.626,16.5003482128776,1,半成熟
85,14.4,3.07,453.504,8.31015164286695,2,成熟
86,13.3,2.72,954.004,12.8384743924164,1,半成熟
87,13.7,2.81,845.935,10.8379813681127,1,半成熟
88,12.8,2.84,856.011,13.5588252969473,1,半成熟
89,12.8,2.8,929.929,12.4022798542838,1,半成熟
90,13.4,3.1,412.661,5.38192714874603,2,成熟
91,12.2,2.8,1000.0,15.754923916719,1,半成熟
92,12.7,2.83,779.248,14.6460701007036,1,半成熟
93,13.0,2.77,855.088,14.496112567312,1,半成熟
94,12.5,2.75,857.857,12.9716445800269,1,半成熟
95,11.1,2.77,909.238,24.4063633740629,0,未成熟
96,12.4,2.78,985.54,15.5576393397529,1,半成熟
97,13.7,2.76,911.699,12.0345252100345,1,半成熟
98,12.7,2.67,1017.537,14.8254700267916,1,半成熟
99,11.9,2.72,854.396,20.7830050280098,1,半成熟
100,11.9,2.74,859.78,15.3273493147124,1,半成熟
101,11.6,2.8,852.396,15.1197167528236,1,半成熟
102,11.7,2.81,1048.612,16.4046910427342,1,半成熟
103,11.0,2.79,821.783,17.5823265412316,1,半成熟
104,11.5,2.54,1069.841,19.0213565914734,1,半成熟
105,12.4,2.63,748.25,15.755052264412,1,半成熟
106,13.2,2.78,941.62,14.5057848818513,1,半成熟
107,13.1,2.8,846.012,14.2471418311932,1,半成熟
108,13.6,2.79,811.092,14.0988316574831,1,半成熟
109,11.8,2.71,819.245,15.9146740668618,1,半成熟
110,12.1,2.78,877.317,14.9062434981391,1,半成熟
111,12.0,2.79,887.547,11.7051563580986,1,半成熟
112,11.7,2.83,840.858,11.4471683927508,1,半成熟
113,11.5,2.81,857.934,13.4134342399039,1,半成熟
114,11.8,2.74,919.314,13.6481319506689,1,半成熟
115,12.1,2.74,844.858,12.5601828995085,1,半成熟
116,13.0,2.76,916.622,13.3028516803932,1,半成熟
117,11.3,2.75,876.01,13.3157916227258,1,半成熟
118,13.7,2.66,929.467,13.9043562944896,1,半成熟
119,12.1,2.78,973.771,12.871329108017,1,半成熟
120,12.7,2.69,964.157,10.9062921128733,1,半成熟
121,7.3,2.86,1052.535,31.0434266829401,0,未成熟
122,6.3,2.81,1030.536,35.5905248456083,0,未成熟
123,7.7,2.87,970.849,32.0601975495292,0,未成熟
124,7.3,2.81,1028.613,34.6756876910185,0,未成熟
125,6.8,2.71,1032.228,36.8462042714195,0,未成熟
126,9.5,2.8,837.243,28.2577827998344,0,未成熟
127,6.6,2.84,949.389,33.4456216052655,0,未成熟
128,8.8,2.8,842.474,28.595399102945,0,未成熟
129,8.6,2.76,1137.836,31.8501616102708,0,未成熟
130,8.9,3.81,996.231,30.6261045617682,0,未成熟
131,7.1,2.82,890.624,33.991865988419,0,未成熟
132,7.0,2.82,956.465,33.7303038031986,0,未成熟
133,6.8,2.82,923.621,33.2836726994137,0,未成熟
134,7.0,2.7,1163.526,35.0348039140865,0,未成熟
135,7.0,2.8,1060.995,34.9980373804259,0,未成熟
136,9.3,2.77,985.232,29.4946870019586,0,未成熟
137,8.7,2.77,900.777,26.3644739170044,0,未成熟
138,8.9,2.78,969.233,28.3833407713291,0,未成熟
139,8.9,2.79,909.469,29.9963093479884,0,未成熟
140,8.7,2.84,948.773,26.6355962847926,0,未成熟
141,8.4,2.85,925.006,27.0739683777549,0,未成熟
142,8.6,2.79,865.933,31.1687599110156,0,未成熟
143,7.6,2.83,1046.689,32.8164127217331,0,未成熟
144,7.1,2.85,982.848,31.4900861306743,0,未成熟
145,8.6,2.79,745.635,30.8616061369136,0,未成熟
146,8.8,2.77,1062.611,28.946754909095,0,未成熟
147,7.7,2.73,1141.451,34.9146770432662,0,未成熟
148,7.5,2.85,1131.375,32.6867776285954,0,未成熟
149,9.8,2.84,1051.688,24.203368336765,0,未成熟
150,9.0,2.82,928.698,24.627588521648,0,未成熟
151,9.1,2.76,971.002,25.5363464925048,0,未成熟
152,9.0,2.75,923.006,30.0276678808257,0,未成熟
153,6.9,2.82,1034.151,34.1958491100591,0,未成熟
154,8.4,2.78,1141.066,30.3196395578653,0,未成熟
155,8.7,2.75,860.934,32.6820816699647,0,未成熟
156,9.3,2.77,1151.45,28.9733639734083,0,未成熟
157,8.0,2.73,1185.986,33.476442220517,0,未成熟
158,8.2,2.72,1053.765,32.7326806271951,0,未成熟
159,8.5,2.74,1023.691,30.7622842797775,0,未成熟
160,6.8,2.71,1300.285,36.0340813023404,0,未成熟
161,7.9,2.7,975.925,33.0444571579653,0,未成熟
162,9.3,2.77,874.01,26.2285390527934,0,未成熟
163,9.3,2.87,792.17,23.47063902346,0,未成熟
164,8.8,2.79,1009.076,30.095209807662,0,未成熟
165,6.2,2.78,1111.222,34.9576472820665,0,未成熟
166,6.8,2.8,1064.918,33.5176954549311,0,未成熟
167,9.0,2.78,884.471,26.4981564161593,0,未成熟
168,9.0,2.82,847.935,25.2718357015097,0,未成熟
169,9.0,2.77,925.852,22.4353787820188,0,未成熟
170,9.2,2.87,755.942,18.9839211846944,1,半成熟
171,7.4,2.8,1040.997,33.8158573624672,0,未成熟
172,9.5,2.76,976.463,27.5958221617567,0,未成熟
173,9.8,2.82,862.395,22.2598196875553,0,未成熟
174,9.5,2.77,821.86,23.3790463006544,0,未成熟
175,9.8,2.78,1016.922,21.8505298278432,0,未成熟
176,9.4,2.76,904.546,25.065454858021,0,未成熟
177,9.1,2.8,967.926,22.619947398073,0,未成熟
178,10.0,2.81,902.008,19.2397629235599,1,半成熟
179,9.9,2.8,875.087,19.5853800010654,1,半成熟
180,9.3,2.94,961.388,15.6995879030895,1,半成熟
181,8.6,2.96,1194.293,28.0376862390507,0,未成熟
182,5.9,3.02,1061.995,36.6785890967064,0,未成熟
183,8.7,2.93,985.463,28.5937532266165,0,未成熟
184,8.7,3.1,797.939,27.1653193894639,0,未成熟
185,9.6,3.05,880.932,19.661391241685,1,半成熟
186,9.4,3.04,1000.231,23.7600715256171,0,未成熟
187,8.8,3.12,873.856,20.3054178990266,1,半成熟
188,9.6,3.04,1005.846,21.8687615408782,0,未成熟
189,9.1,2.96,680.794,7.00628218656497,2,成熟
190,9.7,3.05,966.31,25.6127795373695,0,未成熟
191,9.7,2.97,931.928,20.1670868862433,1,半成熟
192,9.2,3.01,966.541,21.0933769882659,1,半成熟
193,9.5,2.98,762.634,17.0082359340919,1,半成熟
194,9.7,2.97,876.779,18.4586872466029,1,半成熟
195,8.9,3.09,891.931,20.9325187512769,1,半成熟
196,10.3,3.0,933.928,18.8658850929472,1,半成熟
197,9.7,3.04,863.088,18.0962966349229,1,半成熟
198,9.1,2.91,958.619,23.9801062912352,0,未成熟
199,9.6,3.03,1036.613,20.5073534126246,1,半成熟
200,9.9,3.14,847.012,18.1499435134147,1,半成熟
201,8.5,3.12,759.403,22.2703398209851,1,半成熟
202,10.2,3.02,940.005,16.8265601417106,1,半成熟
203,9.9,3.03,935.774,22.6070832708169,0,未成熟
204,9.9,3.03,812.861,18.2127219877826,1,半成熟
205,9.5,3.01,880.779,27.0595225645002,0,未成熟
206,9.4,3.01,646.412,24.0407875600913,0,未成熟
207,9.7,2.9,990.001,22.718521522933,0,未成熟
208,9.7,3.04,867.933,18.6701050013524,1,半成熟
209,10.3,3.02,923.314,15.8676423988263,1,半成熟
210,9.5,3.06,885.317,15.048956586447,1,半成熟
211,9.3,3.03,1062.765,25.99209646657,0,未成熟
212,9.2,3.02,1010.23,28.3746548725325,0,未成熟
213,10.2,3.05,911.392,18.2567211816569,1,半成熟
214,9.2,2.99,1144.604,28.2988252785001,0,未成熟
215,8.5,3.01,897.239,23.1682073496356,0,未成熟
216,8.9,3.11,834.397,23.7520090890239,0,未成熟
217,9.5,2.99,841.474,19.1937024683862,1,半成熟
218,8.9,3.1,877.548,28.4746521572523,0,未成熟
219,8.8,3.01,794.862,23.2582932874849,0,未成熟
220,9.9,3.03,764.634,17.2951966589139,1,半成熟
221,8.6,3.1,791.632,25.4318074529096,0,未成熟
222,10.1,3.04,859.549,18.5970928159731,1,半成熟
223,10.8,3.04,886.47,16.4793416352036,1,半成熟
224,9.6,3.01,850.165,17.6106022092562,1,半成熟
225,9.6,2.94,771.325,19.6148788981751,1,半成熟
226,10.6,3.11,961.926,15.7681783139169,1,半成熟
227,10.1,3.03,837.397,15.2035657775753,1,半成熟
228,9.7,3.06,701.408,14.4088711265631,1,半成熟
229,10.0,3.14,743.481,16.8297967710733,1,半成熟
230,10.8,3.07,790.939,15.2841718232593,1,半成熟
231,10.1,3.12,819.476,15.1388600114944,1,半成熟
232,10.4,3.08,881.625,16.5813486974951,1,半成熟
233,10.5,3.03,872.241,16.3408321160533,1,半成熟
234,10.0,3.06,913.699,15.1921542249744,1,半成熟
235,10.2,3.06,781.017,15.4123091430035,1,半成熟
236,10.3,2.99,787.093,13.0316506034433,1,半成熟
237,9.8,3.1,794.862,15.4043841326254,1,半成熟
238,10.7,2.95,961.157,16.0228366344646,1,半成熟
239,10.8,3.02,889.855,14.9588131377181,1,半成熟
240,10.9,3.14,771.402,12.0058435993733,1,半成熟
241,8.9,3.11,788.401,25.1481675488624,0,未成熟
242,10.2,3.09,705.792,15.5979175641565,1,半成熟
243,11.0,3.15,839.705,11.4259330991562,1,半成熟
244,10.4,2.97,878.856,15.4457100323185,1,半成熟
245,11.1,3.15,709.638,13.6912920052723,1,半成熟
246,11.1,3.15,853.473,12.9204798893846,1,半成熟
247,9.9,3.08,1030.536,13.5307874322834,1,半成熟
248,11.4,3.16,885.163,13.1947302557616,1,半成熟
249,10.9,3.15,856.627,13.6430080984292,1,半成熟
250,10.1,3.02,994.154,17.7201224199022,1,半成熟
251,10.6,3.09,711.791,15.3578307669098,1,半成熟
252,11.6,3.16,851.088,10.7041111826569,1,半成熟
253,10.7,3.14,640.643,11.1703177317275,2,成熟
254,10.8,3.09,647.95,13.4031088595473,1,半成熟
255,10.8,3.05,730.098,14.1106432343159,1,半成熟
256,10.4,3.02,897.854,16.3870977348164,1,半成熟
257,10.9,3.05,858.626,14.3491674932777,1,半成熟
258,11.2,3.09,834.244,12.8350542132034,1,半成熟
259,10.6,3.08,864.241,13.0812289709204,1,半成熟
260,9.5,3.12,803.861,18.5650326400605,1,半成熟
261,11.2,3.07,709.869,11.913529374439,1,半成熟
262,11.1,3.17,586.647,12.4067966046763,2,成熟
263,9.9,3.01,699.177,19.953183310601,1,半成熟
264,11.8,3.09,665.334,11.9353268663874,2,成熟
265,11.0,3.14,784.017,11.1707206941173,1,半成熟
266,10.8,3.05,812.553,13.1862788769429,1,半成熟
267,11.3,3.05,654.642,13.2876534377325,1,半成熟
268,10.3,3.11,668.872,12.5913390888372,1,半成熟
269,11.8,3.13,785.709,12.5477842520198,1,半成熟
270,11.6,3.09,725.637,11.4971609538671,2,成熟
271,9.9,3.05,853.781,19.5927541088426,1,半成熟
272,12.3,3.13,730.79,12.5406813611479,1,半成熟
273,11.8,3.12,871.625,11.6150167631133,1,半成熟
274,12.0,3.09,820.322,11.3493309905601,1,半成熟
275,12.1,3.04,622.952,11.8335292245323,2,成熟
276,11.6,3.05,541.805,11.3995139038372,2,成熟
277,11.6,3.07,830.552,11.8937228382066,1,半成熟
278,11.5,3.07,734.559,11.5217903545183,1,半成熟
279,12.1,3.1,560.88,10.6152050897947,2,成熟
280,13.1,3.14,540.343,11.2882706026927,2,成熟
281,11.6,3.02,753.558,12.1160887762841,1,半成熟
282,11.3,3.1,681.871,11.2054329345166,2,成熟
283,11.6,3.07,698.254,11.4622948881576,2,成熟
284,12.3,3.15,748.173,9.2489970677476,2,成熟
285,12.2,3.13,641.643,11.6303461867567,2,成熟
286,11.0,3.09,763.48,12.3101105337808,1,半成熟
287,12.1,3.04,774.633,10.8412557219641,1,半成熟
288,12.7,3.06,597.031,11.8059501376288,2,成熟
289,11.3,3.01,818.783,12.771614016988,1,半成熟
290,10.6,3.09,689.255,15.4418997341918,1,半成熟
291,12.3,3.08,585.34,10.4668511521196,2,成熟
292,11.0,2.96,875.164,12.0975238709217,1,半成熟
293,11.0,3.04,685.947,12.4038033690078,1,半成熟
294,12.7,3.05,592.185,9.53962933582066,2,成熟
295,11.5,3.08,671.871,14.4146535094603,1,半成熟
296,12.7,3.16,691.562,10.229753461278,2,成熟
297,11.7,3.02,609.415,11.4949615554628,2,成熟
298,13.8,3.08,554.957,7.27509476007894,2,成熟
299,11.7,3.13,665.641,11.7442040208262,2,成熟
300,13.0,3.09,590.339,9.4708018713686,2,成熟
301,9.3,2.91,1326.821,32.313202443974,0,未成熟
302,9.3,3.0,1006.692,27.7394269433928,0,未成熟
303,9.8,3.01,1063.457,29.0851824047295,0,未成熟
304,10.2,3.03,1131.375,27.812363194884,0,未成熟
305,9.3,3.03,1184.909,32.9582789634976,0,未成熟
306,10.0,3.01,1136.913,26.7054717901967,0,未成熟
307,9.5,3.02,967.31,29.5064277393232,0,未成熟
308,9.6,3.0,899.7,23.6563010890895,0,未成熟
309,8.6,3.1,904.315,29.6558561746843,0,未成熟
310,9.3,2.96,1144.835,32.4190123897256,0,未成熟
311,9.6,2.97,1116.068,31.4817388675629,0,未成熟
312,10.2,3.02,939.005,19.9214638039026,1,半成熟
313,9.4,3.04,1079.84,31.8811598019367,0,未成熟
314,10.4,3.01,1007.23,23.1593341876952,0,未成熟
315,10.8,3.02,1019.306,21.8555168022983,0,未成熟
316,10.3,3.01,1055.38,24.9125954298916,0,未成熟
317,10.3,2.99,1124.144,28.3274896730397,0,未成熟
318,10.5,3.04,1175.756,23.723720336944,0,未成熟
319,10.4,3.0,1112.299,23.2817907431232,0,未成熟
320,10.4,3.0,1046.766,22.4791807095822,0,未成熟
321,9.9,3.05,925.467,18.9207756233522,1,半成熟
322,11.1,3.07,974.079,14.8832210326352,1,半成熟
323,11.2,3.09,996.847,16.897717829185,1,半成熟
324,10.8,3.02,837.936,18.7143094735495,1,半成熟
325,10.5,3.05,967.156,16.7063348844616,1,半成熟
326,10.9,3.06,956.85,17.0977957235394,1,半成熟
327,11.0,3.03,793.862,15.7528207194672,1,半成熟
328,11.0,3.02,1047.612,15.7197980633948,1,半成熟
329,10.8,2.99,991.232,18.4166797068494,1,半成熟
330,10.7,2.98,986.078,20.427251867511,1,半成熟
331,11.1,3.01,934.082,15.8978381776622,1,半成熟
332,11.1,3.01,998.539,14.5400270450892,1,半成熟
333,11.1,3.02,906.007,16.8114923066546,1,半成熟
334,11.1,3.01,1055.227,16.7912249456175,1,半成熟
335,11.4,3.03,1072.687,17.4935997259643,1,半成熟
336,10.9,2.92,1050.227,17.5148833374546,1,半成熟
337,11.5,3.03,873.702,13.9786832032372,1,半成熟
338,10.2,2.98,986.232,23.4457502930648,0,未成熟
339,10.3,2.98,899.931,19.3234927090744,1,半成熟
340,10.7,2.91,833.398,18.2452877080279,1,半成熟
341,11.4,2.99,1014.537,14.928599751269,1,半成熟
342,10.7,2.9,975.848,19.2615449933086,1,半成熟
343,10.4,2.99,993.693,19.5958072539104,1,半成熟
344,11.4,2.91,989.77,16.2942170676562,1,半成熟
345,11.6,2.99,854.088,13.8359931170616,1,半成熟
346,10.9,2.96,789.17,19.5846841375207,1,半成熟
347,11.2,2.97,1058.842,15.9300169886183,1,半成熟
348,10.9,2.99,802.4,17.2834030453247,1,半成熟
349,10.8,2.93,907.776,18.9879793412049,1,半成熟
350,10.6,2.93,907.238,25.5442035936087,0,未成熟
351,11.6,3.05,673.717,12.6093811339251,2,成熟
352,10.1,3.03,852.319,14.8012280634749,1,半成熟
353,9.8,3.05,856.011,14.9752662415057,1,半成熟
354,9.5,3.05,852.858,18.7967944276956,1,半成熟
355,12.1,3.04,804.631,13.0291835503369,1,半成熟
356,10.4,2.95,958.619,22.990753171999,0,未成熟
357,10.1,3.09,821.091,14.2163460083552,1,半成熟
358,10.4,3.03,794.477,14.4067463166131,1,半成熟
359,10.8,3.0,1105.069,15.9888017204682,1,半成熟
360,10.6,3.01,924.006,20.5335712177425,1,半成熟
361,10.9,3.02,919.852,19.4111656838977,1,半成熟
362,10.0,2.92,1100.608,26.0437217206134,0,未成熟
363,10.7,3.01,960.003,18.2299082490955,1,半成熟
364,10.8,2.95,838.166,18.9353932906057,1,半成熟
365,11.2,3.02,1097.377,16.8085568953124,1,半成熟
366,10.6,3.02,894.854,19.6279434746071,1,半成熟
367,10.3,3.01,934.544,24.6048229125166,0,未成熟
368,9.8,3.04,1094.762,24.1151644181117,0,未成熟
369,10.4,2.95,1233.751,21.6357560474843,0,未成熟
370,10.4,2.98,955.696,21.3631914335663,1,半成熟
371,11.1,3.05,991.232,16.5289645745939,1,半成熟
372,11.2,2.96,870.318,14.8241543667376,1,半成熟
373,11.3,3.06,1036.843,13.8816508521307,1,半成熟
374,10.6,3.03,858.088,17.0806310480649,1,半成熟
375,11.3,2.97,987.54,14.9593401113355,1,半成熟
376,11.4,3.02,882.24,15.4987701064829,1,半成熟
377,11.4,3.14,877.163,12.1213650900836,1,半成熟
378,12.5,3.09,756.096,12.0316201106014,1,半成熟
379,11.5,3.02,857.242,14.0378759133028,1,半成熟
380,11.2,2.95,1004.0,14.1152449041915,1,半成熟
381,10.5,3.11,877.24,14.7926011828544,1,半成熟
382,10.7,2.99,1011.692,19.9190165608629,1,半成熟
383,11.5,3.04,1049.458,14.2155255587288,1,半成熟
384,11.7,3.08,895.931,12.947806746072,1,半成熟
385,11.4,3.1,733.021,11.3248475727345,2,成熟
386,10.7,3.0,917.468,21.0198430823163,1,半成熟
387,11.1,3.1,831.782,12.1128303525559,1,半成熟
388,10.8,3.09,832.321,13.4297967879435,1,半成熟
389,11.4,3.02,880.394,14.6157396781079,1,半成熟
390,11.1,2.95,1011.845,19.4538644499336,1,半成熟
391,9.9,3.06,944.158,23.1086681118922,0,未成熟
392,10.7,3.13,725.944,13.9978275582554,1,半成熟
393,11.8,3.04,936.697,12.9352028411403,1,半成熟
394,10.8,3.0,897.931,17.9858846340771,1,半成熟
395,10.3,3.02,1006.307,20.6529735872176,1,半成熟
396,10.3,2.92,1092.378,19.052869144082,1,半成熟
397,11.0,3.11,801.785,12.8127269180663,1,半成熟
398,11.8,3.02,873.702,12.7508949619676,1,半成熟
399,12.3,3.12,701.715,12.1177821185293,2,成熟
400,11.9,3.0,930.159,12.8109272023888,1,半成熟
401,11.0,3.01,944.851,13.9354595620367,1,半成熟
402,11.2,2.96,1018.383,13.2490014463252,1,半成熟
403,12.0,3.17,775.787,9.17421189527983,2,成熟
404,12.3,3.08,923.006,10.7095859938679,1,半成熟
405,11.1,3.14,856.627,11.2452637177626,1,半成熟
406,12.2,3.0,649.489,11.3300411294211,2,成熟
407,12.0,3.09,873.856,12.6915436964863,1,半成熟
408,11.8,3.16,778.709,10.0915763151678,2,成熟
409,11.2,3.11,868.626,12.7659425576671,1,半成熟
410,11.9,3.17,764.941,7.70500038528828,2,成熟
411,11.8,3.14,752.019,8.12679195530641,2,成熟
412,12.7,3.06,788.401,10.8911536458935,1,半成熟
413,11.3,3.23,788.478,11.6732563787933,1,半成熟
414,12.7,3.05,907.546,9.51203654212155,1,半成熟
415,13.4,3.09,710.33,9.66369495842054,2,成熟
416,12.1,3.05,898.316,11.951775491384,1,半成熟
417,11.8,3.01,962.388,11.3957495469105,1,半成熟
418,11.7,3.02,868.318,13.1103452092794,1,半成熟
419,12.8,3.04,571.033,11.8031137782088,2,成熟
420,12.1,3.03,659.026,13.4275694024862,1,半成熟
421,13.0,3.11,873.471,8.73904969579363,1,半成熟
422,12.5,3.23,666.333,6.36294083542451,2,成熟
423,12.1,3.25,787.016,8.11124954924352,2,成熟
424,11.9,3.11,708.176,20.7986680347185,1,半成熟
425,12.6,3.3,586.34,6.15268887821915,2,成熟
426,12.5,3.21,691.332,7.05526783378078,2,成熟
427,12.8,3.29,706.177,5.81842770950557,2,成熟
428,13.0,3.08,645.95,9.03529481864066,2,成熟
429,12.5,3.04,908.469,9.88633882170684,1,半成熟
430,12.7,3.11,801.323,9.88884558819093,2,成熟
431,14.3,3.27,701.177,4.64041673904063,2,成熟
432,11.6,3.23,784.247,7.51795028207512,2,成熟
433,11.5,3.2,676.948,9.26519875541438,2,成熟
434,13.8,3.22,646.72,4.67848068395297,2,成熟
435,13.3,3.31,607.723,4.38104447050738,2,成熟
436,10.8,3.18,651.796,11.0374035828601,2,成熟
437,13.7,3.34,636.028,4.39300953549813,2,成熟
438,12.7,3.33,652.873,5.83488453188964,2,成熟
439,13.0,3.29,680.486,5.65149400284625,2,成熟
440,13.6,3.37,533.497,5.82134549879338,2,成熟
441,14.1,3.41,576.033,4.21016951553119,2,成熟
442,13.3,3.31,681.332,4.27329184398901,2,成熟
443,14.8,3.37,635.49,3.24922018079095,3,过成熟
444,12.8,3.37,549.727,6.31455986454449,2,成熟
445,13.4,3.12,713.791,11.3637339792656,2,成熟
446,12.4,3.31,741.097,7.0105241486612,2,成熟
447,12.5,3.16,602.954,9.3683929760412,2,成熟
448,11.4,3.13,688.255,10.7705650421212,2,成熟
449,13.4,3.25,719.791,6.33597281196758,2,成熟
450,13.3,3.31,658.796,5.25058252404438,2,成熟
451,11.7,3.26,736.559,8.66705128734981,2,成熟
452,11.4,3.23,687.563,9.44026013120651,2,成熟
453,12.0,3.29,645.72,7.2012524881148,2,成熟
454,12.9,3.08,630.336,11.3156513037239,2,成熟
455,12.7,3.06,783.709,9.99697227796866,2,成熟
456,11.0,3.2,723.944,10.6205752921417,2,成熟
457,12.8,3.05,722.021,10.6747430636661,2,成熟
458,13.6,3.33,532.651,5.21502700767819,2,成熟
459,15.3,3.28,648.335,5.01454979724712,2,成熟
460,12.1,3.13,798.939,7.49906396485327,2,成熟
461,11.9,3.26,706.407,9.35969392427788,2,成熟
462,13.6,3.31,549.419,5.38248664403732,2,成熟
463,12.5,3.24,779.402,5.39245458012288,2,成熟
464,13.3,3.3,625.26,5.41787100882604,2,成熟
465,13.2,3.28,553.034,5.71430235062761,2,成熟
466,13.3,3.33,705.33,5.86457150982509,2,成熟
467,12.1,3.25,698.1,7.21010717079151,2,成熟
468,12.5,3.3,674.487,4.53715837667994,2,成熟
469,13.1,3.0,692.485,10.1305415314619,2,成熟
470,12.8,3.28,710.407,7.41118405794784,2,成熟
471,13.9,3.34,585.032,4.04183641214456,2,成熟
472,12.9,3.17,674.948,7.28132211831606,2,成熟
473,13.7,3.13,781.709,8.29478891025413,2,成熟
474,12.4,3.05,752.942,11.8931584551667,1,半成熟
475,11.7,3.14,869.779,11.1965530329041,1,半成熟
476,13.3,3.33,686.563,4.40098686915606,2,成熟
477,12.9,3.09,814.86,10.394540178607,1,半成熟
478,13.5,3.4,574.802,5.19158558254966,2,成熟
479,13.4,3.39,558.803,4.13452195015993,2,成熟
480,13.7,3.36,445.966,5.00541494541007,3,过成熟
481,9.4,3.12,1004.461,27.9610896268459,0,未成熟
482,10.5,3.13,1107.069,22.5241384156907,0,未成熟
483,10.2,3.17,810.015,20.8352071700011,1,半成熟
484,10.4,3.11,1017.383,20.3533650678405,1,半成熟
485,10.4,3.15,962.003,23.4449410843245,0,未成熟
486,10.0,3.15,812.322,19.7138045912268,1,半成熟
487,10.5,3.14,774.325,18.3143214913136,1,半成熟
488,10.4,3.14,916.007,24.0310244955119,0,未成熟
489,10.7,3.15,998.923,15.6849926959186,1,半成熟
490,10.9,3.22,733.021,13.6001554672021,1,半成熟
491,10.8,3.12,797.708,20.8611103527027,1,半成熟
492,10.4,3.11,954.542,22.806199090799,0,未成熟
493,10.7,3.13,1123.76,23.407167376408,0,未成熟
494,10.4,3.17,837.628,16.262506568746,1,半成熟
495,11.9,3.17,766.787,13.688803196392,1,半成熟
496,11.1,3.15,789.478,14.7174587230122,1,半成熟
497,11.3,3.16,1004.769,17.1247805771079,1,半成熟
498,11.0,3.16,1053.15,15.234194345719,1,半成熟
499,10.8,3.15,1046.15,14.7278961267825,1,半成熟
500,11.2,3.22,783.478,12.614146299197,1,半成熟
501,10.9,3.18,791.939,15.3384246757715,1,半成熟
502,11.0,3.1,972.541,14.794107345532,1,半成熟
503,10.9,3.14,1049.227,14.4198710147412,1,半成熟
504,11.3,3.08,1048.919,15.2587006062896,1,半成熟
505,10.8,3.21,750.404,14.498872165472,1,半成熟
506,11.4,3.19,760.634,13.3601718129749,1,半成熟
507,11.5,3.16,794.939,13.9766575512958,1,半成熟
508,11.3,3.11,847.396,15.1420753535931,1,半成熟
509,10.9,3.18,739.251,16.3880076374177,1,半成熟
510,12.6,3.22,734.482,11.3468153071373,2,成熟
511,11.5,3.15,989.847,15.7301233529262,1,半成熟
512,11.6,3.13,1136.913,15.6944731431888,1,半成熟
513,10.6,3.23,666.718,13.0174784500968,1,半成熟
514,10.7,3.22,766.633,14.0693625418944,1,半成熟
515,11.7,3.15,878.702,14.9834310599607,1,半成熟
516,11.8,3.13,937.39,14.3749262290153,1,半成熟
517,11.6,3.17,1065.457,13.7152716493347,1,半成熟
518,11.4,3.18,892.778,13.5047122458438,1,半成熟
519,11.7,3.22,829.552,12.954064821981,1,半成熟
520,11.8,3.2,719.099,13.1750258552899,1,半成熟
521,11.6,3.23,806.4,14.4297070602097,1,半成熟
522,11.4,3.2,798.246,13.5010642813273,1,半成熟
523,11.7,3.14,927.006,15.0671193861686,1,半成熟
524,11.8,3.13,967.156,15.5609496558516,1,半成熟
525,12.5,3.21,779.094,10.1613261599241,2,成熟
526,12.0,3.16,1049.996,13.4400454585087,1,半成熟
527,12.2,3.19,864.011,12.2942603532527,1,半成熟
528,11.3,3.16,975.079,11.0622263796994,1,半成熟
529,12.4,3.16,870.164,14.9518972656061,1,半成熟
530,11.8,3.1,946.773,15.3297791128647,1,半成熟
531,12.1,3.15,894.931,13.7593672790648,1,半成熟
532,11.5,3.21,806.861,12.5539335733608,1,半成熟
533,11.7,3.18,732.405,13.4373654422731,1,半成熟
534,11.7,3.21,697.716,12.9810412680947,1,半成熟
535,12.3,3.14,994.308,13.4628700498053,1,半成熟
536,12.0,3.23,750.942,10.6128809132846,2,成熟
537,12.1,3.24,780.248,12.5356372037341,1,半成熟
538,12.0,3.14,892.854,13.8000989951211,1,半成熟
539,12.1,3.19,678.717,11.2182332458365,2,成熟
540,12.0,3.18,887.701,16.166622925464,1,半成熟
541,12.2,3.26,861.78,13.258110216538,1,半成熟
542,12.4,3.23,832.398,12.9381656361464,1,半成熟
543,11.9,3.24,972.925,12.6321268964996,1,半成熟
544,12.1,3.2,1064.072,12.8664160800393,1,半成熟
545,13.2,3.23,896.316,10.9095955219006,1,半成熟
546,12.4,3.21,931.544,12.9346155697839,1,半成熟
547,11.9,3.19,737.559,11.9986246807857,1,半成熟
548,11.8,3.27,635.336,12.6110539356124,2,成熟
549,12.1,3.28,756.942,13.2679028648668,1,半成熟
550,12.4,3.17,1090.532,13.7667843102552,1,半成熟
551,12.3,3.2,844.089,13.318127281508,1,半成熟
552,12.4,3.26,794.939,11.1777833364405,1,半成熟
553,12.4,3.28,735.174,10.2079971310486,2,成熟
554,13.6,3.23,727.56,11.4645995723702,2,成熟
555,13.2,3.23,798.093,10.7847457549149,1,半成熟
556,12.6,3.16,966.387,14.1343957375233,1,半成熟
557,12.5,3.2,853.473,13.7313689653754,1,半成熟
558,12.3,3.19,660.103,14.5558001967977,1,半成熟
559,12.5,3.29,754.557,10.5235746571542,2,成熟
560,12.9,3.3,564.803,10.669596617215,2,成熟
561,14.2,3.21,771.018,8.75807102629316,2,成熟
562,12.6,3.14,652.181,14.7436465650198,1,半成熟
563,11.8,3.31,663.411,13.0554185042345,2,成熟
564,12.6,3.29,710.253,10.6509664875405,2,成熟
565,12.6,3.21,778.017,13.3543452041129,1,半成熟
566,12.9,3.17,937.466,11.9588827214922,1,半成熟
567,12.8,3.19,920.852,12.2186532979938,1,半成熟
568,13.2,3.16,857.934,12.4516409698408,1,半成熟
569,12.9,3.17,1003.077,13.0585682960099,1,半成熟
570,12.7,3.33,666.18,11.8315242662065,2,成熟
571,11.9,3.15,853.704,12.7498231669894,1,半成熟
572,12.6,3.29,685.64,10.2241453561322,2,成熟
573,13.5,3.17,868.626,10.7451022420329,1,半成熟
574,13.0,3.35,605.723,7.62057069007665,2,成熟
575,14.2,3.22,660.642,7.98233437334428,2,成熟
576,13.8,3.19,764.018,12.1209259228865,1,半成熟
577,13.8,3.2,827.167,9.35852007923499,2,成熟
578,13.4,3.29,516.037,7.25026357067735,2,成熟
579,12.1,3.28,625.337,11.008000129254,2,成熟
580,11.9,3.22,673.717,9.91090793789768,2,成熟
581,12.5,3.19,797.477,13.2294239683887,1,半成熟
582,12.7,3.13,878.394,13.3254728162247,1,半成熟
583,12.7,3.17,924.929,13.6017320954422,1,半成熟
584,13.8,3.22,961.157,11.0624185117943,1,半成熟
585,13.7,3.19,926.467,11.8725452384867,1,半成熟
586,12.5,3.19,625.644,11.498933000779,2,成熟
587,12.9,3.2,677.64,11.0835008421753,2,成熟
588,14.2,3.16,812.476,9.58081646465953,2,成熟
589,13.7,3.18,596.185,11.9293840567188,2,成熟
590,12.7,3.28,568.802,9.69710680062303,2,成熟
591,12.3,3.19,657.642,11.4707719378677,2,成熟
592,13.3,3.17,771.018,10.4732729067534,2,成熟
593,11.9,3.33,576.879,11.3579486454667,2,成熟
594,13.4,3.21,898.316,11.7090683802024,1,半成熟
595,12.5,3.26,603.261,12.2164686286187,2,成熟
596,12.9,3.09,902.546,13.9826025402727,1,半成熟
597,13.0,3.27,598.262,9.76332405075657,2,成熟
598,13.1,3.18,671.102,10.0462108826987,2,成熟
599,12.8,3.28,596.185,10.7721046771394,2,成熟
600,13.0,3.24,800.631,9.63974780470542,2,成熟
601,12.9,3.22,960.926,11.7958806603405,1,半成熟
602,14.0,3.23,603.338,7.89437463946781,2,成熟
603,12.6,3.18,673.256,10.9302985116415,2,成熟
604,13.0,3.3,672.564,9.40096486541134,2,成熟
605,12.5,3.15,814.399,10.8773825313549,1,半成熟
606,13.9,3.24,538.651,8.65933897281489,2,成熟
607,12.9,3.26,764.787,8.75649006970889,2,成熟
608,13.4,3.3,667.564,7.22288006127037,2,成熟
609,13.1,3.23,792.785,9.66397650696563,2,成熟
610,13.5,3.25,697.408,7.42310793589638,2,成熟
611,12.5,3.19,791.785,11.3953482865042,1,半成熟
612,13.5,3.28,638.182,8.38060995767723,2,成熟
613,13.4,3.22,579.032,8.44327707828022,2,成熟
614,13.2,3.29,652.104,7.21708992371776,2,成熟
615,14.8,3.26,736.943,6.85973813934521,2,成熟
616,13.3,3.28,645.027,9.8376658348616,2,成熟
617,13.4,3.28,571.033,7.51638135196243,2,成熟
618,13.1,3.23,648.258,7.68981235903175,2,成熟
619,13.2,3.25,645.335,8.33747235676815,2,成熟
620,12.7,3.2,691.024,9.58011364059985,2,成熟
621,12.7,3.19,648.796,10.144581305004,2,成熟
622,13.5,3.24,463.734,7.70020474576256,2,成熟
623,12.9,3.26,588.186,9.907477751114,2,成熟
624,13.2,3.23,654.719,11.4387307584382,2,成熟
625,12.4,3.2,688.793,10.6779464911385,2,成熟
626,14.3,3.24,697.408,7.34709305754137,2,成熟
627,13.2,3.24,652.873,9.3285506882691,2,成熟
628,13.6,3.15,723.791,10.9019131832618,2,成熟
629,13.2,3.3,637.336,8.09791431422482,2,成熟
630,12.8,3.13,784.324,10.4535372216932,2,成熟
631,14.1,3.26,619.799,8.34524800831522,2,成熟
632,13.5,3.3,706.715,7.19082328232957,2,成熟
633,12.9,3.26,684.409,9.82156290431155,2,成熟
634,13.0,3.22,688.178,11.0411678059618,2,成熟
635,13.3,3.28,720.252,7.47699435834988,2,成熟
636,12.8,3.25,689.87,9.4464313375256,2,成熟
637,12.5,3.08,912.545,12.9735344542217,1,半成熟
638,13.2,3.19,631.028,10.0583367643434,2,成熟
639,13.1,3.23,825.475,9.87600348137186,1,半成熟
640,13.0,3.23,675.256,10.242086510541,2,成熟
641,12.7,3.21,745.174,10.2351428454495,2,成熟
642,13.7,3.26,605.492,8.42883610910917,2,成熟
643,12.9,3.15,682.486,10.1507780466968,2,成熟
644,12.5,3.15,722.175,12.1785426533968,1,半成熟
645,13.1,3.18,634.951,9.18972857597145,2,成熟
646,12.8,3.25,533.728,10.6703063002883,2,成熟
647,12.9,3.15,635.028,9.55164312798186,2,成熟
648,12.3,3.09,718.176,10.3133475940295,2,成熟
649,11.3,3.12,788.632,12.6984453159622,1,半成熟
650,12.7,3.14,736.174,11.6117946342972,2,成熟
651,11.1,3.23,734.251,13.0898393928821,1,半成熟
652,12.4,3.1,910.622,13.9704323822929,1,半成熟
653,12.7,3.21,707.1,11.7329544417593,2,成熟
654,13.0,3.21,670.025,11.0472997154743,2,成熟
655,12.1,3.16,788.247,10.5656507776174,1,半成熟
656,12.7,3.18,850.319,11.4287727174859,1,半成熟
657,11.9,3.19,728.098,13.3561816959949,1,半成熟
658,13.1,3.13,739.866,12.6326577999913,1,半成熟
659,12.6,3.21,639.182,10.7217198553393,2,成熟
660,13.3,3.17,803.554,10.0057174789612,2,成熟
661,11.5,2.96,828.859,13.15194151686,1,半成熟
662,11.8,2.94,848.166,12.6197497208846,1,半成熟
663,12.7,3.0,711.33,10.7784667446049,2,成熟
664,11.1,2.93,709.715,16.0858326410903,1,半成熟
665,11.3,2.97,594.877,11.5011149797101,2,成熟
666,11.3,3.0,593.724,12.7980413026075,2,成熟
667,11.2,2.95,588.032,12.3946825540345,2,成熟
668,11.7,2.97,636.797,11.8102028263292,2,成熟
669,11.2,2.96,622.568,14.6095558872647,1,半成熟
670,10.7,2.92,574.571,14.5226673730128,2,成熟
671,12.1,2.9,574.417,10.7184812958949,2,成熟
672,11.1,3.0,720.714,12.1561179006049,1,半成熟
673,11.4,2.98,641.335,12.5803380535123,2,成熟
674,10.8,2.89,745.635,14.5446715979076,1,半成熟
675,12.0,2.95,705.177,12.188623983927,1,半成熟
676,11.4,2.93,834.09,12.381779696871,1,半成熟
677,11.4,2.93,769.018,12.7393546222726,1,半成熟
678,12.6,3.02,651.95,12.2993807684356,2,成熟
679,11.7,2.94,856.857,11.1069014005457,1,半成熟
680,11.9,2.96,776.402,12.4302313274443,1,半成熟
681,11.8,2.94,635.028,11.5485647578958,2,成熟
682,11.8,2.98,635.49,11.4437210449,2,成熟
683,10.8,2.89,845.397,13.4501520571277,1,半成熟
684,12.4,2.99,567.803,10.1371403275663,2,成熟
685,12.7,3.04,464.503,9.7372026739764,2,成熟
686,12.9,3.07,553.034,9.06227708559692,2,成熟
687,11.5,2.94,576.802,11.4307788811863,2,成熟
688,11.8,2.97,594.877,11.8696865696885,2,成熟
689,11.3,2.95,768.095,13.4146882656412,1,半成熟
690,12.8,3.05,605.03,8.64706342156486,2,成熟
691,12.4,3.02,645.72,10.6760736112597,2,成熟
692,12.1,2.98,680.794,10.1626555915566,2,成熟
693,12.3,2.94,712.253,10.378218408286,2,成熟
694,11.9,2.94,613.568,10.5888510946431,2,成熟
695,11.5,2.95,724.252,11.8016057508005,1,半成熟
696,11.3,2.94,885.547,14.3288990682555,1,半成熟
697,10.6,2.94,807.63,16.4285080098544,1,半成熟
698,11.6,2.91,964.003,13.4216940314282,1,半成熟
699,12.3,3.01,708.638,11.3123416582692,2,成熟
700,12.7,2.99,760.095,9.70286076769937,2,成熟
701,12.2,2.99,801.092,11.2291246114724,1,半成熟
702,12.7,3.01,809.938,10.8440065022803,1,半成熟
703,12.0,2.97,563.034,9.66439237360202,2,成熟
704,13.1,3.04,698.562,9.7455673191939,2,成熟
705,12.6,3.0,673.025,9.58306526618586,2,成熟
706,12.6,2.98,719.329,9.5066214953477,2,成熟
707,11.5,2.93,778.863,11.6066518340814,1,半成熟
708,11.8,2.97,657.565,10.6464524880779,2,成熟
709,11.6,2.99,627.029,13.3604042950474,2,成熟
710,10.2,2.86,1071.533,18.1372042717785,1,半成熟
711,12.5,3.03,667.333,9.69062585276682,2,成熟
712,11.8,2.95,809.861,11.7516962856499,1,半成熟
713,12.1,3.02,857.011,8.98272551250894,1,半成熟
714,13.2,2.98,767.249,10.2727561897511,2,成熟
715,11.8,2.93,749.865,10.3891727333698,2,成熟
716,12.6,3.02,951.465,11.7254789111011,1,半成熟
717,13.7,3.06,609.722,9.41823251508979,2,成熟
718,10.1,2.84,866.703,16.5400473485407,1,半成熟
719,12.8,3.01,672.948,10.4125430240114,2,成熟
720,13.4,3.06,586.955,8.49184219859936,2,成熟
721,11.6,3.02,703.869,10.0701248139524,2,成熟
722,13.5,3.08,735.867,9.14044597994018,2,成熟
723,13.0,3.01,731.79,10.3429633285765,2,成熟
724,12.8,3.08,743.328,10.9665786762408,2,成熟
725,13.4,3.06,857.55,11.7616614409348,1,半成熟
726,13.1,3.06,735.867,11.4495551218165,2,成熟
727,12.2,2.98,726.483,12.9548111640329,1,半成熟
728,12.4,2.99,636.49,11.5848057126691,2,成熟
729,12.1,2.96,612.876,10.8242555908793,2,成熟
730,11.9,2.92,817.245,11.5914124224438,1,半成熟
731,12.6,2.98,913.622,11.1263203537273,1,半成熟
732,12.6,2.96,651.412,11.2906326391567,2,成熟
733,12.2,2.96,935.697,12.4159214682322,1,半成熟
734,13.6,3.07,654.488,8.18255604252843,2,成熟
735,12.7,3.04,680.179,9.97935095395903,2,成熟
736,13.0,3.12,675.717,9.04913904024637,2,成熟
737,13.0,3.0,717.022,8.53256867425118,2,成熟
738,12.7,3.04,685.87,10.3780476227794,2,成熟
739,13.4,3.03,690.255,8.65674513172853,2,成熟
740,14.0,3.06,775.94,7.81987384491052,2,成熟
741,11.6,2.95,777.786,11.3752398973328,1,半成熟
742,12.1,2.95,951.158,13.6893842554623,1,半成熟
743,12.5,2.98,680.717,12.7793508990341,1,半成熟
744,11.6,2.88,827.475,15.0468473752886,1,半成熟
745,11.8,2.94,480.271,9.71332099597461,2,成熟
746,13.5,3.03,781.248,10.1394646787621,2,成熟
747,12.2,2.94,630.952,8.7736807054641,2,成熟
748,11.8,2.91,771.633,11.837296563236,1,半成熟
749,12.4,3.0,554.957,10.1416319590123,2,成熟
750,12.2,2.94,738.559,11.565157164417,1,半成熟
751,13.1,3.0,695.485,10.2227902663471,2,成熟
752,13.4,3.1,697.639,7.39795057532723,2,成熟
753,13.4,2.98,643.489,7.77700478516982,2,成熟
754,12.9,3.04,838.089,7.0544203328446,2,成熟
755,12.7,2.98,839.397,7.9999652907595,2,成熟
756,12.7,3.03,796.708,7.39558043513689,2,成熟
757,12.7,2.98,619.26,7.47770579289069,2,成熟
758,13.2,3.07,907.7,8.28642084057847,1,半成熟
759,11.8,2.98,792.016,9.77464194981122,2,成熟
760,12.8,3.03,714.484,7.07916031287577,2,成熟
761,12.2,3.03,711.253,7.85174270687318,2,成熟
762,13.4,3.04,769.095,7.18961494416027,2,成熟
763,13.0,2.98,742.405,8.34514112702742,2,成熟
764,12.2,3.01,853.857,8.13824726575061,2,成熟
765,12.3,3.04,857.242,8.84898514827506,1,半成熟
766,12.5,2.99,799.939,8.00358102199605,2,成熟
767,13.7,3.0,613.338,6.44112607113976,2,成熟
768,12.7,3.02,745.174,8.15306143645266,2,成熟
769,12.8,3.04,858.396,7.65399063704918,2,成熟
770,13.5,3.03,865.318,7.06305993840603,2,成熟
771,12.9,3.03,874.471,5.91588328130922,2,成熟
772,12.5,3.0,746.481,6.86275586141656,2,成熟
773,13.1,3.02,815.168,6.99279664958541,2,成熟
774,12.6,3.03,672.718,7.00628218656497,2,成熟
775,13.6,2.98,898.546,7.37584331189904,2,成熟
776,12.5,3.04,702.869,7.42972018439508,2,成熟
777,14.0,3.03,964.849,6.1275474863125,2,成熟
778,12.6,2.98,803.092,9.13980383572776,2,成熟
779,13.4,2.99,722.483,5.74732777088344,2,成熟
780,13.6,3.07,764.941,7.19670261219405,2,成熟
781,12.4,2.95,736.943,7.32978835759604,2,成熟
782,12.3,2.93,747.404,7.70558531066932,2,成熟
783,12.7,3.01,765.941,7.69105092439564,2,成熟
784,12.5,3.01,741.405,7.88304948633797,2,成熟
785,12.7,3.01,760.019,7.86905762058992,2,成熟
786,13.7,3.03,742.712,6.43678223251589,2,成熟
787,12.7,3.06,733.251,8.32386991221515,2,成熟
788,12.9,2.99,773.325,9.90255496927244,2,成熟
789,13.6,3.07,721.868,6.97566326757715,2,成熟
790,12.8,3.03,934.39,9.38226323631855,1,半成熟
791,12.8,2.92,867.087,9.67166220767932,1,半成熟
792,12.8,2.95,869.779,9.53643229864676,1,半成熟
793,13.5,3.03,955.157,7.74868787988767,1,半成熟
794,13.3,3.05,745.25,9.25761854993419,2,成熟
795,12.5,2.86,681.871,9.38157217746191,2,成熟
796,14.2,3.04,763.557,6.27480924888127,2,成熟
797,13.1,3.03,781.171,7.52314455876182,2,成熟
798,13.6,3.05,738.712,8.3251849191591,2,成熟
799,12.8,2.98,858.396,10.5416919860937,1,半成熟
800,13.5,3.06,737.559,7.74698182818968,2,成熟
801,13.5,3.04,796.093,5.96487075664294,2,成熟
802,13.6,3.01,543.42,7.61962219831663,2,成熟
803,13.9,2.98,656.103,6.76869607508248,2,成熟
804,13.1,2.99,619.029,8.1077502612668,2,成熟
805,14.5,3.05,827.859,5.67152361680861,2,成熟
806,12.4,2.94,771.556,9.59889548017968,2,成熟
807,14.0,3.03,771.633,6.80820837661645,2,成熟
808,13.3,2.99,677.486,8.79428303357299,2,成熟
809,14.1,3.03,829.475,7.30346848610099,2,成熟
810,13.6,3.01,646.027,7.47326328024575,2,成熟
811,13.4,3.05,902.546,7.69107169669481,2,成熟
812,14.4,3.0,734.559,5.80893099011287,2,成熟
813,13.2,2.99,707.869,8.66551264139454,2,成熟
814,14.5,3.04,716.022,5.49628744130653,2,成熟
815,11.7,3.03,655.488,12.3925590835227,2,成熟
816,12.2,2.93,621.106,11.5680242618067,2,成熟
817,12.8,2.94,750.635,9.55587405468268,2,成熟
818,11.7,3.0,770.941,11.8050639704494,1,半成熟
819,13.1,3.0,765.71,10.0484955125601,2,成熟
820,14.9,3.03,828.859,5.42346899129965,2,成熟
821,12.8,2.93,899.469,9.53956499968694,1,半成熟
822,12.0,3.0,911.776,12.1078559674682,1,半成熟
823,13.4,3.02,736.866,10.9142874609205,2,成熟
824,12.6,2.98,657.488,10.7989833685431,2,成熟
825,13.1,2.96,719.945,10.2827577834062,2,成熟
826,13.3,2.93,700.023,11.0406359469451,2,成熟
827,14.0,3.06,742.174,6.68020316310631,2,成熟
828,12.1,2.78,933.159,11.9209394747326,1,半成熟
829,11.9,2.9,958.542,11.1957700091283,1,半成熟
830,11.8,2.98,623.798,11.4577765405938,2,成熟
831,12.3,2.87,852.627,12.5991675464263,1,半成熟
832,13.0,2.91,738.328,12.145456859365,1,半成熟
833,12.5,2.92,984.924,11.8308772596298,1,半成熟
834,10.3,2.94,916.468,19.9099164533293,1,半成熟
835,12.2,2.93,777.094,11.1363362696638,1,半成熟
836,13.1,2.98,832.167,7.71844490944403,2,成熟
837,13.3,2.96,644.335,7.12930759588518,2,成熟
838,11.6,2.98,600.877,10.0774739666164,2,成熟
839,12.3,2.9,901.008,12.5603699451681,1,半成熟
840,12.1,2.92,827.244,11.8534999422021,1,半成熟
841,12.3,3.04,733.79,11.5933005084243,1,半成熟
842,12.9,2.95,612.799,13.2744207679829,2,成熟
843,12.2,2.94,728.175,15.1079408703046,1,半成熟
844,12.4,2.98,652.488,13.7880710932014,1,半成熟
845,14.1,3.02,536.805,10.7031536768017,2,成熟
846,14.2,3.11,593.262,9.33553617741476,2,成熟
847,14.0,3.02,571.802,10.9288359287316,2,成熟
848,13.6,3.07,711.253,10.8172452203358,2,成熟
849,14.5,3.14,567.11,7.23518815936771,2,成熟
850,15.0,3.05,544.42,7.95714120355824,2,成熟
851,13.5,3.0,694.331,11.4189457590626,2,成熟
852,12.5,3.02,674.871,11.7366229509341,2,成熟
853,13.3,3.0,628.183,11.249723585132,2,成熟
854,14.2,3.06,488.193,8.57180244879694,2,成熟
855,12.2,2.94,641.412,11.594512445349,2,成熟
856,11.0,2.92,825.09,14.464634422596,1,半成熟
857,13.3,3.09,551.112,7.77316040432672,2,成熟
858,12.2,3.06,613.414,10.4509551241328,2,成熟
859,12.6,3.0,541.189,10.2691326198726,2,成熟
860,13.6,3.05,522.729,8.06541573076014,2,成熟
861,13.4,3.14,513.576,8.55360213217343,2,成熟
862,12.1,2.96,687.793,12.693329559942,1,半成熟
863,13.7,3.08,565.726,10.969696102117,2,成熟
864,12.9,3.0,499.808,13.3200676441594,2,成熟
865,13.6,3.14,535.343,7.8201528152248,2,成熟
866,13.1,2.98,682.101,11.8299969763858,2,成熟
867,11.6,2.94,568.341,11.6266023201227,2,成熟
868,13.0,3.04,427.198,10.9252882421487,2,成熟
869,12.6,2.9,650.104,9.88143703748415,2,成熟
870,11.8,2.95,588.263,13.3606209297966,2,成熟
871,13.3,3.18,548.112,8.23152281313169,2,成熟
872,13.0,3.27,546.112,9.50712630473289,2,成熟
873,14.0,3.24,484.886,7.63593205769644,2,成熟
874,13.1,3.24,550.189,9.79767541037142,2,成熟
875,13.9,3.24,594.724,7.33879075297662,2,成熟
876,13.3,3.14,589.032,9.26453471423751,2,成熟
877,13.6,3.21,597.569,8.19006087376742,2,成熟
878,13.5,3.19,571.879,9.09206087945056,2,成熟
879,13.8,3.14,538.651,7.97776660198881,2,成熟
880,13.4,3.15,601.108,9.18413925560847,2,成熟
881,14.1,3.11,568.11,9.75781749895486,2,成熟
882,13.9,3.17,610.953,9.22461279291424,2,成熟
883,13.1,3.2,613.953,9.15137225575706,2,成熟
884,13.7,3.24,394.585,8.29560234227464,2,成熟
885,13.3,3.18,596.108,9.57608345490532,2,成熟
886,13.6,3.15,554.573,10.038987151219,2,成熟
887,13.8,3.19,533.421,8.13449328208223,2,成熟
888,14.1,3.18,501.115,7.94056845671336,2,成熟
889,13.4,3.13,532.267,7.94204300614766,2,成熟
890,13.7,3.16,626.721,8.16007247373765,2,成熟
891,14.0,3.15,585.57,8.11448050129355,2,成熟
892,14.2,3.17,539.805,8.17740581227381,2,成熟
893,13.6,3.16,604.492,8.30705302390872,2,成熟
894,13.9,3.15,473.656,9.10873103843588,2,成熟
895,13.6,3.08,600.108,10.4454079207526,2,成熟
896,13.9,3.16,566.88,8.3585174862973,2,成熟
897,13.4,3.08,669.564,10.2366337536223,2,成熟
898,14.3,3.06,498.654,11.6041035630972,2,成熟
899,12.6,3.07,557.188,10.0194365431123,2,成熟
900,12.5,3.03,534.344,13.0906535027865,2,成熟
901,13.0,3.01,819.399,10.1434546758916,1,半成熟
902,14.2,3.26,536.959,7.59070236285413,2,成熟
903,14.1,3.21,542.958,7.90161520494396,2,成熟
904,14.8,3.24,486.27,6.26396990739761,2,成熟
905,13.1,3.14,673.487,9.15024322734942,2,成熟
906,13.6,3.11,591.801,9.27444428539268,2,成熟
907,14.5,3.29,570.495,6.75646649982155,2,成熟
908,14.7,3.3,502.038,6.33860040237685,2,成熟
909,13.7,3.2,574.187,9.29516852162653,2,成熟
910,14.3,3.25,507.192,8.06307305074624,2,成熟
911,14.8,3.21,396.662,5.94157446624569,3,过成熟
912,13.5,3.08,552.188,9.30881421297235,2,成熟
913,13.4,3.09,591.878,10.5797397674064,2,成熟
914,13.1,3.08,608.338,9.94132640597962,2,成熟
915,14.0,3.16,566.956,8.13827624115611,2,成熟
916,13.2,3.11,652.027,8.22044510784234,2,成熟
917,15.2,3.16,500.115,6.08793469547788,2,成熟
918,14.8,3.15,500.192,7.99305869367888,2,成熟
919,12.8,2.99,659.411,11.536888894044,2,成熟
920,13.9,3.17,493.347,10.2286001255681,2,成熟
921,13.8,2.97,642.335,7.28402514493926,2,成熟
922,13.2,3.04,554.496,10.1361682362334,2,成熟
923,12.2,3.04,750.173,11.497113971065,1,半成熟
924,12.8,3.0,661.949,11.4160083205275,2,成熟
925,12.7,3.07,699.562,10.2400580958043,2,成熟
926,14.2,3.09,660.795,7.18974932396754,2,成熟
927,14.6,3.23,514.191,7.46560000701236,2,成熟
928,13.0,3.04,592.57,11.1006030442314,2,成熟
929,12.1,2.97,702.331,12.1935395259384,1,半成熟
930,13.8,3.06,442.428,12.287516370681,2,成熟
931,13.9,3.15,421.275,9.44389453759267,2,成熟
932,13.2,3.05,714.714,9.94726189439713,2,成熟
933,13.5,3.11,485.117,8.93781346366594,2,成熟
934,13.2,3.18,593.493,9.64707457331478,2,成熟
935,14.1,3.15,791.785,6.0009065176081,2,成熟
936,13.5,3.1,539.343,8.4815739742911,2,成熟
937,14.2,3.1,559.495,8.76641366105389,2,成熟
938,13.7,3.13,768.018,6.88772592134139,2,成熟
939,13.0,3.08,541.343,10.4221241516057,2,成熟
940,13.7,3.14,527.19,8.86761849049734,2,成熟
941,14.1,3.12,725.252,5.84263080969959,2,成熟
942,13.3,3.14,726.329,6.18732141225346,2,成熟
943,14.2,3.14,758.634,5.59293193140727,2,成熟
944,14.3,3.09,685.178,5.17821095575312,2,成熟
945,14.1,3.09,707.176,6.52660351699948,2,成熟
946,14.6,3.07,782.863,5.69541096003314,2,成熟
947,12.6,3.07,582.032,9.85962894080371,2,成熟
948,12.9,3.12,435.428,10.5352956942496,2,成熟
949,12.4,3.04,544.343,11.037328127256,2,成熟
950,14.2,3.1,767.249,4.4284546980429,2,成熟
951,15.2,3.12,723.329,3.42597240155813,2,成熟
952,14.7,3.12,671.487,4.82991523393027,2,成熟
953,14.2,3.14,577.34,3.69091400726747,2,成熟
954,13.0,3.09,588.801,9.9759308521507,2,成熟
955,13.1,3.17,645.258,9.14384237742438,2,成熟
956,14.0,3.11,576.725,5.28221178617857,2,成熟
957,13.4,3.14,661.565,7.04333256502182,2,成熟
958,14.6,3.13,779.556,4.64135156550106,2,成熟
959,14.0,3.12,733.405,7.9510669723784,2,成熟
960,14.2,3.11,781.94,5.33201566355572,2,成熟
961,15.3,3.06,756.019,5.5350956828422,2,成熟
962,15.9,3.12,830.782,5.03833567411267,2,成熟
963,14.6,3.15,649.335,4.17541329640192,2,成熟
964,14.4,3.12,494.039,4.49210646027529,2,成熟
965,15.1,3.13,600.646,3.41794391394303,3,过成熟
966,14.9,3.16,655.642,6.02483907953057,2,成熟
967,14.9,3.11,616.414,6.21308885458525,2,成熟
968,15.5,3.11,685.717,3.94048374164395,2,成熟
969,14.1,3.14,678.717,4.03141843237106,2,成熟
970,15.1,3.13,756.942,5.58220617456108,2,成熟
971,15.8,3.13,730.636,2.11973920717492,2,成熟
972,14.6,3.1,703.408,6.26076991622326,2,成熟
973,15.9,3.31,317.745,2.68433061000719,3,过成熟
974,15.1,3.23,428.044,4.2594637223481,3,过成熟
975,16.1,3.26,429.121,3.3215780785668,3,过成熟
976,15.0,3.12,500.039,6.07173893613971,2,成熟
977,14.7,3.14,498.962,5.36607382616743,2,成熟
978,16.0,3.17,503.038,3.94593817301981,3,过成熟
979,15.2,3.1,742.251,4.35918509817594,2,成熟
980,14.4,3.1,603.338,4.62471719574079,2,成熟
981,16.2,3.19,407.661,3.920952613394,3,过成熟
982,14.9,3.18,541.881,5.46350900749805,2,成熟
983,14.7,3.13,574.417,5.79226208500959,2,成熟
984,14.7,3.18,487.886,5.12950081432497,2,成熟
985,15.2,3.22,403.969,5.36471744341693,3,过成熟
986,15.3,3.22,416.43,4.3903559738782,3,过成熟
987,15.0,3.19,469.656,5.30233911677861,3,过成熟
988,15.4,3.23,514.268,3.8341224579302,3,过成熟
989,15.3,3.19,509.422,4.18522101389296,3,过成熟
990,15.1,3.23,297.208,5.59700694293935,3,过成熟
991,14.3,3.07,552.881,6.38434214827036,2,成熟
992,15.7,3.11,485.347,4.08016866894818,3,过成熟
993,14.9,3.05,598.723,5.50485172218445,2,成熟
994,14.8,3.09,642.258,6.63215197021894,2,成熟
995,14.6,3.01,572.341,6.41709537483541,2,成熟
996,14.1,3.04,627.644,10.7142751147541,2,成熟
997,15.3,3.14,551.881,5.6437048249624,2,成熟
998,14.5,3.07,473.656,7.38820871009548,2,成熟
999,14.9,3.11,521.729,5.82810697881893,2,成熟
1000,14.8,3.02,491.193,5.93463976280216,2,成熟
1001,16.6,3.11,493.193,3.5742199600761,3,过成熟
1002,17.1,3.11,437.659,3.65149639838123,3,过成熟
1003,14.5,3.02,567.11,7.44338967782322,2,成熟
1004,15.8,3.07,441.966,5.55722333724311,3,过成熟
1005,15.9,3.0,405.2,6.60224223464748,2,成熟
1006,15.9,3.04,499.577,5.3265576603759,2,成熟
1007,16.7,3.2,465.195,3.08272482889726,3,过成熟
1008,15.8,3.19,457.503,4.03487471314473,3,过成熟
1009,15.4,3.1,531.651,5.04860560063325,2,成熟
1010,16.8,2.23,454.119,3.18974859282349,3,过成熟
1011,16.9,3.21,491.731,3.23145522025741,3,过成熟
1012,16.7,3.16,390.508,3.82750793642765,3,过成熟
1013,16.5,3.1,476.194,4.2770724735339,3,过成熟
1014,15.9,3.04,396.97,4.32969266201354,3,过成熟
1015,16.3,3.18,406.2,4.14735320140986,3,过成熟
1016,16.0,3.2,480.271,3.56693507519427,3,过成熟
1017,15.7,3.2,380.971,4.66830212954463,3,过成熟
1018,16.9,3.15,433.582,2.37213693774671,3,过成熟
1019,16.9,3.17,410.507,3.15316636950489,3,过成熟
1020,16.4,3.22,437.505,3.91541938023471,3,过成熟
1021,13.3,2.96,653.95,10.9479575966699,2,成熟
1022,14.0,2.96,503.423,10.691434636505,2,成熟
1023,18.4,3.14,459.195,2.44096890167585,3,过成熟
1024,12.7,2.99,630.182,9.41182118950302,2,成熟
1025,13.2,3.04,686.486,9.60475631033475,2,成熟
1026,13.5,3.01,703.331,10.5261976832805,2,成熟
1027,13.6,2.98,635.028,9.93687379216475,2,成熟
1028,12.9,2.93,728.252,10.1370617047334,2,成熟
1029,13.7,3.05,546.727,8.55242209184281,2,成熟
1030,13.9,3.02,625.721,8.0908288482906,2,成熟
1031,14.8,3.07,459.811,6.73210134027536,2,成熟
1032,12.2,2.96,566.803,11.8239047989365,2,成熟
1033,15.3,3.07,670.333,6.98644805443261,2,成熟
1034,12.7,2.94,632.951,10.3078251995719,2,成熟
1035,14.4,3.1,503.731,6.64517049541076,2,成熟
1036,15.0,3.08,571.033,6.26346880308448,2,成熟
1037,15.2,3.09,475.733,6.81039031070225,2,成熟
1038,14.5,3.04,534.344,7.43478784873366,2,成熟
1039,13.6,2.9,691.716,8.44978494460751,2,成熟
1040,14.6,3.04,657.949,7.0228462628281,2,成熟
1041,15.4,3.03,462.888,6.77102546249447,2,成熟
1042,14.4,3.11,580.34,9.47716513152544,2,成熟
1043,13.3,2.98,636.797,10.5391745276853,2,成熟
1044,13.8,2.94,471.579,10.969005298787,2,成熟
1045,13.4,2.94,518.191,10.2610900711949,2,成熟
1046,14.2,3.01,424.429,7.22895079969076,2,成熟
1047,15.6,3.11,387.893,3.29514859637871,3,过成熟
1048,13.9,3.07,574.956,7.64976919726882,2,成熟
1049,14.2,2.99,436.505,10.8321386633135,2,成熟
1050,14.3,2.95,409.584,9.24587372861327,2,成熟
1051,13.2,3.14,531.113,8.99414035919912,2,成熟
1052,12.9,3.16,554.573,10.5730438590938,2,成熟
1053,12.8,3.13,513.268,9.93618700748869,2,成熟
1054,13.6,3.18,535.036,10.8762764081774,2,成熟
1055,12.6,3.13,588.339,11.3680867092872,2,成熟
1056,14.0,3.19,560.188,8.93981531213996,2,成熟
1057,13.9,3.18,558.726,8.96005866185004,2,成熟
1058,13.5,3.17,515.807,10.5060476291647,2,成熟
1059,13.7,3.19,574.956,10.0234552629224,2,成熟
1060,13.3,3.17,569.956,8.86572835023075,2,成熟
1061,14.5,3.24,690.639,7.89744668173947,2,成熟
1062,13.3,3.22,536.343,12.7864152361412,2,成熟
1063,13.0,3.17,540.958,11.9778732945157,2,成熟
1064,13.1,3.17,560.418,10.1448370018885,2,成熟
1065,13.9,3.23,538.42,10.2746218171212,2,成熟
1066,13.7,3.2,554.727,10.1275211133938,2,成熟
1067,13.3,3.16,592.954,8.96233139532039,2,成熟
1068,13.1,3.15,560.265,10.7466284821419,2,成熟
1069,13.2,3.17,478.425,9.45256140143554,2,成熟
1070,14.0,3.19,448.581,6.78519476123333,2,成熟
1071,14.2,3.31,473.348,6.95489445442788,2,成熟
1072,13.4,3.13,499.962,10.2131367647179,2,成熟
1073,13.4,3.19,571.418,8.86208176975217,2,成熟
1074,13.6,3.15,565.187,9.9182900224884,2,成熟
1075,13.5,3.19,574.187,9.35323576174752,2,成熟
1076,14.0,3.14,555.188,7.36669731866505,2,成熟
1077,13.2,3.35,463.964,9.72402567460104,2,成熟
1078,13.2,3.27,616.876,9.37780250113512,2,成熟
1079,13.5,3.29,556.88,9.88793837095626,2,成熟
1080,13.7,3.29,722.329,8.37798423543077,2,成熟
1081,14.0,3.28,642.489,11.0667623404941,2,成熟
1082,13.3,3.22,543.035,10.408620931211,2,成熟
1083,13.6,3.19,640.412,9.0355067865518,2,成熟
1084,13.7,3.24,511.115,8.52602730809298,2,成熟
1085,13.8,3.24,571.879,8.84537046440626,2,成熟
1086,13.3,3.27,585.032,9.31534231281736,2,成熟
1087,14.5,3.32,481.655,7.28455710861485,2,成熟
1088,14.4,3.27,521.345,7.49537945203627,2,成熟
1089,13.6,3.23,591.108,9.48983064128079,2,成熟
1090,14.6,3.18,508.115,7.10310802448981,2,成熟
1091,13.4,3.22,597.954,8.51563762967117,2,成熟
1092,14.8,3.27,568.572,5.56413400020029,2,成熟
1093,15.0,3.3,536.19,6.38631271029311,2,成熟
1094,14.8,3.26,478.579,6.31655390387875,2,成熟
1095,14.0,3.14,637.566,8.35197505163868,2,成熟
1096,13.5,3.24,511.653,9.67065114866682,2,成熟
1097,13.3,3.2,617.183,9.84162717474104,2,成熟
1098,14.8,3.39,542.804,8.32227985343007,2,成熟
1099,13.6,3.31,608.646,8.79478989713501,2,成熟
1100,13.2,3.3,598.646,10.200666709623,2,成熟
1101,13.2,3.29,561.649,11.1724725598391,2,成熟
1102,14.5,3.27,535.574,7.96296039145323,2,成熟
1103,13.5,3.26,516.422,11.3709376972406,2,成熟
1104,13.0,3.27,596.339,9.40408697771857,2,成熟
1105,14.7,3.32,510.961,7.68073111355734,2,成熟
1106,14.8,3.27,591.724,6.48869397941876,2,成熟
1107,13.9,3.21,596.185,8.66029731207159,2,成熟
1108,14.8,3.2,507.576,6.87857598995439,2,成熟
1109,14.3,3.26,507.73,6.74341777543732,2,成熟
1110,14.5,3.23,512.961,7.92811951588967,2,成熟
1111,13.2,3.17,702.023,8.86438893975251,2,成熟
1112,14.2,3.2,621.721,10.771739260596,2,成熟
1113,13.8,3.16,486.04,8.13350196160114,2,成熟
1114,13.5,3.17,645.95,10.9136348737884,2,成熟
1115,14.0,3.16,676.794,8.96498227840238,2,成熟
1116,14.1,3.19,610.415,9.03787605805219,2,成熟
1117,13.2,3.17,573.879,9.46894083779977,2,成熟
1118,14.3,3.17,558.726,8.16010843654396,2,成熟
1119,14.9,3.29,556.111,6.77138287355588,2,成熟
1120,14.4,3.24,596.108,7.21566502340925,2,成熟
1121,14.9,3.27,530.498,5.55246301823128,2,成熟
1122,15.0,3.31,506.884,4.70616400687899,3,过成熟
1123,14.9,3.16,520.114,6.03858400474341,2,成熟
1124,14.9,3.28,397.662,6.07301259594535,3,过成熟
1125,14.1,3.14,600.339,7.85584722138109,2,成熟
1126,15.4,3.32,461.811,4.25414390586325,3,过成熟
1127,15.2,3.35,429.582,5.04732326598532,3,过成熟
1128,16.9,3.46,486.501,2.76576813604029,3,过成熟
1129,15.3,3.24,550.265,4.59431126674968,2,成熟
1130,14.6,3.31,567.649,5.81284178614327,2,成熟
1131,14.9,3.38,394.431,2.8061471944481,3,过成熟
1132,15.9,3.33,526.729,4.62053720604386,3,过成熟
1133,15.4,3.41,457.196,4.79188442364785,3,过成熟
1134,15.4,3.33,521.037,5.14812767124135,3,过成熟
1135,15.1,3.27,581.186,7.42874760317881,2,成熟
1136,14.4,3.46,439.889,2.39788438160088,3,过成熟
1137,15.6,3.46,450.119,3.1420733655323,3,过成熟
1138,15.5,3.43,477.886,3.53427186991665,3,过成熟
1139,15.4,3.33,508.499,3.77973618502481,3,过成熟
1140,16.0,3.4,383.201,3.47729886165031,3,过成熟
1141,16.0,3.46,459.349,4.03241616317305,3,过成熟
1142,13.6,3.16,518.345,9.60462213086208,2,成熟
1143,15.6,3.31,474.271,5.43194471591454,3,过成熟
1144,19.0,3.54,586.878,3.00870274646524,3,过成熟
1145,14.5,3.29,525.652,4.48699316691029,3,过成熟
1146,15.3,3.26,421.352,4.8554371244865,3,过成熟
1147,14.1,3.15,527.806,6.80226765961357,2,成熟
1148,15.3,3.26,455.657,3.12850815629871,3,过成熟
1149,17.8,3.47,505.807,1.64504301333316,3,过成熟
1150,15.5,3.19,410.122,3.79262450170915,3,过成熟
1151,17.1,3.45,509.192,2.88117878401149,3,过成熟
1152,15.6,3.22,541.574,4.18786253728882,3,过成熟
1153,14.6,3.2,403.969,4.30109620332474,3,过成熟
1154,14.7,3.23,526.652,5.57551285668622,2,成熟
1155,14.8,3.28,516.114,4.38665877976599,3,过成熟
1156,14.9,3.23,552.958,4.23310092489606,3,过成熟
1157,15.2,3.28,555.265,3.86989597557243,3,过成熟
1158,14.3,3.27,475.81,4.83800026783474,3,过成熟
1159,14.4,3.19,448.427,4.81849261421222,3,过成熟
1160,13.8,3.25,482.501,2.78479350780989,3,过成熟
1161,15.2,3.23,465.041,3.80132556840068,3,过成熟
1162,16.0,3.27,462.118,2.73128772948345,3,过成熟
1163,15.5,3.34,437.966,3.52692398453823,3,过成熟
1164,15.4,3.29,467.503,2.90541228398182,3,过成熟
1165,15.3,3.27,568.495,2.75725229238803,3,过成熟
1166,14.5,3.25,454.965,3.8664337166471,3,过成熟
1167,15.6,3.3,468.195,3.90785072445553,3,过成熟
1168,15.5,3.27,468.426,3.04869579241829,3,过成熟
1169,15.5,3.25,444.043,3.19669138856119,3,过成熟
1170,16.0,3.24,549.727,2.29645978107864,3,过成熟
1171,15.0,3.18,602.031,6.89241253533642,2,成熟
1172,13.2,3.2,641.874,9.80427831761865,2,成熟
1173,15.1,3.31,474.117,3.66782755527862,3,过成熟
1174,15.6,3.25,456.119,3.64175533524367,3,过成熟
1175,15.2,3.37,459.042,3.42158139526665,3,过成熟
1176,15.3,3.33,441.658,3.50840358418639,3,过成熟
1177,14.2,3.25,517.114,8.29466012014089,2,成熟
1178,16.5,3.41,508.192,3.9411440562965,3,过成熟
1179,14.7,3.27,616.799,3.96019562340128,2,成熟
1180,15.5,3.38,476.502,4.930245399883,3,过成熟
1181,13.9,3.21,556.65,9.16925418171185,2,成熟
1182,17.1,3.44,464.503,2.91721607557089,3,过成熟
1183,15.7,3.48,436.12,3.94887579764142,3,过成熟
1184,17.6,3.4,492.885,1.34526590893589,3,过成熟
1185,16.6,3.44,465.426,2.43944660646708,3,过成熟
1186,15.2,3.25,465.657,3.91926554301893,3,过成熟
1187,15.0,3.23,507.807,3.31352921538866,3,过成熟
1188,15.4,3.29,533.882,3.58801604007663,3,过成熟
1189,14.9,3.22,509.884,3.97217597463524,3,过成熟
1190,17.2,3.48,444.581,1.83329433919672,3,过成熟
1191,15.4,3.28,496.27,4.29103625534366,3,过成熟
1192,18.3,3.49,472.81,1.72550838317319,3,过成熟
1193,15.6,3.2,475.348,3.5551167142891,3,过成熟
1194,15.9,3.35,467.964,3.48147222252955,3,过成熟
1195,15.7,3.34,437.582,3.27139457107482,3,过成熟
1196,16.0,3.35,519.96,2.659289571155,3,过成熟
1197,14.9,3.28,599.877,3.52147155279681,3,过成熟
1198,15.4,3.22,440.351,3.47679251171099,3,过成熟
1199,15.8,3.28,578.494,2.61457167256249,3,过成熟
1200,16.4,3.4,464.426,2.33846482708917,3,过成熟
1201,14.2,3.18,533.728,8.39493396116761,2,成熟
1202,16.1,3.38,479.886,3.40981671133704,3,过成熟
1203,15.9,3.32,548.189,3.40163152286799,3,过成熟
1204,16.2,3.37,572.11,4.10785777663266,3,过成熟
1205,14.9,3.22,521.883,4.78158496146969,2,成熟
1206,15.9,3.31,546.804,2.55495232290845,3,过成熟
1207,17.0,3.35,474.502,2.60031987910314,3,过成熟
1208,16.2,3.24,471.425,2.40037370033124,3,过成熟
1209,16.1,3.31,394.508,3.75619886119452,3,过成熟
1210,16.2,3.34,483.501,2.51702643882633,3,过成熟
1211,16.0,3.26,479.655,3.02571439495891,3,过成熟
1212,16.6,3.29,521.883,2.09894705080866,3,过成熟
1213,16.4,3.42,419.583,3.03923096164055,3,过成熟
1214,16.2,3.37,506.73,2.28651764613065,3,过成熟
1215,17.0,3.41,488.27,2.22490821367295,3,过成熟
1216,16.9,3.35,408.584,2.10353869282796,3,过成熟
1217,18.5,3.41,499.116,1.83534401323198,3,过成熟
1218,16.4,3.39,439.351,2.60834335589587,3,过成熟
1219,15.2,3.28,465.657,3.76625140015794,3,过成熟
1220,16.2,3.36,504.346,3.75785950554354,3,过成熟
1221,16.5,3.29,513.499,2.92702894418623,3,过成熟
1222,15.6,3.26,510.115,3.58225686099525,3,过成熟
1223,16.2,3.28,510.73,5.34069384982715,3,过成熟
1224,14.8,3.24,439.889,4.67789691558215,3,过成熟
1225,18.0,3.48,468.887,1.7627925472333,3,过成熟
1226,17.3,3.49,441.966,2.31379429905657,3,过成熟
1227,16.0,3.26,519.422,2.6053429954256,3,过成熟
1228,16.1,3.28,508.269,2.07882987797143,3,过成熟
1229,15.3,3.2,446.273,2.83978861497808,3,过成熟
1230,16.9,3.31,432.121,2.04823004198563,3,过成熟
1231,12.9,3.14,594.339,10.1574177777457,2,成熟
1232,13.6,3.2,700.638,10.9883775013629,2,成熟
1233,14.7,3.19,487.578,7.51446921472757,2,成熟
1234,14.3,3.17,570.648,8.09895598566381,2,成熟
1235,13.7,3.22,570.879,10.4828942150674,2,成熟
1236,13.6,3.18,554.265,9.50203284222616,2,成熟
1237,13.2,3.08,635.72,10.3280986919952,2,成熟
1238,13.4,3.19,528.959,10.292280642277,2,成熟
1239,14.9,3.22,473.194,6.45501851457676,2,成熟
1240,14.1,3.17,529.344,9.08593035204796,2,成熟
1241,13.3,3.17,756.557,9.80465218671727,2,成熟
1242,15.5,3.22,496.346,3.92605766919842,3,过成熟
1243,16.7,3.32,537.728,3.31349336988489,3,过成熟
1244,14.7,3.17,467.503,5.45548320479032,2,成熟
1245,14.2,3.09,611.722,8.44290289470313,2,成熟
1246,18.6,3.47,443.351,1.27029179823999,3,过成熟
1247,14.5,3.19,603.723,4.04119927399093,2,成熟
1248,13.8,3.18,521.191,9.47694761607223,2,成熟
1249,15.8,3.29,499.116,3.65709520647398,3,过成熟
1250,15.7,3.33,549.112,2.28867000693263,3,过成熟
1251,14.1,3.16,618.414,8.80898175069285,2,成熟
1252,13.4,3.22,577.802,7.31374831694272,2,成熟
1253,15.6,3.25,437.274,3.22361569191021,3,过成熟
1254,15.2,3.25,484.886,5.69888775339153,2,成熟
1255,17.6,3.52,471.81,2.97670685324666,3,过成熟
1256,15.8,3.37,485.732,2.05191175936321,3,过成熟
1257,15.0,3.35,502.884,2.95674488122192,3,过成熟
1258,12.9,3.16,579.648,9.80802146547039,2,成熟
1259,16.3,3.37,456.888,1.90851459006499,3,过成熟
1260,16.6,3.4,544.112,2.01955349684845,3,过成熟
1261,14.4,3.25,760.942,8.70051559881241,2,成熟
1262,14.6,3.32,564.418,6.9899001455182,2,成熟
1263,13.8,3.21,628.259,9.33955973587847,2,成熟
1264,14.5,3.33,466.81,7.20089045765441,2,成熟
1265,15.6,3.41,469.579,6.30359120285266,3,过成熟
1266,14.3,3.25,575.802,7.87889764025259,2,成熟
1267,14.2,3.35,522.729,7.58029296732628,2,成熟
1268,15.2,3.34,544.112,7.08301838089667,2,成熟
1269,16.0,3.37,436.736,5.13081018844825,3,过成熟
1270,15.3,3.3,534.959,6.86097156427118,2,成熟
1271,15.1,3.32,516.96,7.32200404211037,2,成熟
1272,13.5,3.16,693.024,10.0650763624874,2,成熟
1273,15.5,3.31,536.036,6.03317075938474,2,成熟
1274,14.7,3.38,437.966,7.68078174276206,2,成熟
1275,15.0,3.37,436.966,8.5901200125812,2,成熟
1276,15.2,3.44,494.424,7.14066455947589,2,成熟
1277,15.1,3.28,521.575,6.67299951868083,2,成熟
1278,14.5,3.28,595.723,7.92675491070753,2,成熟
1279,15.3,3.3,407.892,6.4716943169969,3,过成熟
1280,15.0,3.33,504.884,6.31653503326895,2,成熟
1281,14.4,3.31,465.733,8.53661471553991,2,成熟
1282,15.2,3.31,484.809,8.62866726636919,2,成熟
1283,14.3,3.32,499.192,7.86874579068757,2,成熟
1284,14.7,3.37,404.354,8.57801763011594,2,成熟
1285,14.5,3.27,486.27,7.96039679561868,2,成熟
1286,14.3,3.23,461.965,8.99334692228568,2,成熟
1287,15.3,3.43,481.732,7.22004297430567,2,成熟
1288,15.9,3.39,478.117,6.8201125313949,2,成熟
1289,15.2,3.27,491.578,5.97889999449801,2,成熟
1290,14.9,3.3,526.729,6.29745731410172,2,成熟
1291,15.3,3.39,468.733,4.33128460972666,3,过成熟
1292,15.9,3.34,541.805,5.52684822939121,2,成熟
1293,15.1,3.3,581.263,4.64650447868366,2,成熟
1294,15.2,3.33,484.963,7.97750331085687,2,成熟
1295,15.4,3.34,401.815,5.99959387959562,3,过成熟
1296,14.1,3.26,487.424,7.91837253424339,2,成熟
1297,14.5,3.29,485.732,8.26468885535076,2,成熟
1298,15.2,3.29,564.034,5.31141498403777,2,成熟
1299,15.1,3.34,439.505,5.90833515214779,3,过成熟
1300,15.4,3.3,508.115,7.42739765638443,2,成熟
1301,15.5,3.31,539.574,6.14220058841798,2,成熟
1302,14.7,3.35,554.804,6.03269184428034,2,成熟
1303,15.3,3.34,440.966,5.92976763375837,3,过成熟
1304,14.8,3.35,460.657,7.84549251003548,2,成熟
1305,14.4,3.29,550.035,7.71665772135299,2,成熟
1306,15.2,3.37,446.35,6.21058146961789,3,过成熟
1307,15.9,3.37,512.807,6.3750822090038,2,成熟
1308,14.9,3.29,430.582,5.85884545561905,3,过成熟
1309,15.0,3.32,409.046,5.07799927951313,3,过成熟
1310,14.6,3.34,525.498,6.33559385719225,2,成熟
1311,14.7,3.4,467.349,4.87764599961324,3,过成熟
1312,15.4,3.36,454.811,3.84261473478596,3,过成熟
1313,14.5,3.36,434.967,7.88107815324151,2,成熟
1314,14.7,3.23,469.502,7.75825326368806,2,成熟
1315,15.7,3.33,434.351,5.28815361987904,3,过成熟
1316,15.3,3.22,518.576,5.80635171624472,2,成熟
1317,15.2,3.49,439.966,3.50889196647625,3,过成熟
1318,14.5,3.18,400.585,9.10392107131573,2,成熟
1319,14.7,3.24,399.2,7.14302888480719,2,成熟
1320,14.7,3.25,452.273,6.15586639752106,2,成熟
1321,14.9,3.35,693.639,7.42494714067169,2,成熟
1322,14.2,3.33,618.337,8.02232060408363,2,成熟
1323,15.7,3.35,465.041,4.54555073833412,3,过成熟
1324,16.6,3.5,492.731,4.35587439813427,3,过成熟
1325,15.6,3.34,469.425,5.58162615607102,3,过成熟
1326,15.4,3.32,473.348,5.40006477657382,3,过成熟
1327,15.3,3.33,584.724,6.61950017936394,2,成熟
1328,16.1,3.36,657.488,3.95480608942878,2,成熟
1329,15.1,3.39,528.575,7.14215697978089,2,成熟
1330,15.9,3.33,528.652,4.78082167899098,3,过成熟
1331,15.1,3.27,489.193,7.04224396513151,2,成熟
1332,15.2,3.32,407.276,5.59456887747224,3,过成熟
1333,15.0,3.3,485.194,6.47887149777255,2,成熟
1334,15.4,3.28,454.734,5.42809346328698,3,过成熟
1335,15.1,3.26,417.353,5.59602127484115,3,过成熟
1336,16.4,3.48,473.579,3.16646716915529,3,过成熟
1337,14.7,3.43,496.423,7.14947714730797,2,成熟
1338,16.7,3.38,512.422,4.36990717402122,3,过成熟
1339,14.7,3.28,475.81,7.54999936062684,2,成熟
1340,14.7,3.29,523.96,7.74915132615279,2,成熟
1341,14.7,3.2,452.658,7.24042614011225,2,成熟
1342,15.4,3.31,486.655,6.10661374593909,2,成熟
1343,14.9,3.29,572.187,6.809241648976,2,成熟
1344,15.5,3.53,393.124,4.25069132515551,3,过成熟
1345,17.1,3.37,415.507,3.32783120898245,3,过成熟
1346,15.1,3.37,472.81,6.85056403546384,2,成熟
1347,14.7,3.4,502.423,5.83097495429513,2,成熟
1348,15.9,3.22,423.198,6.72298338773721,2,成熟
1349,15.3,3.26,460.657,5.73774057750046,3,过成熟
1350,16.7,3.52,544.42,3.46815241613797,3,过成熟
1351,15.2,3.45,454.504,7.16778852625555,2,成熟
1352,15.9,3.34,579.955,6.02248145486923,2,成熟
1353,14.4,3.3,501.885,8.83897822085811,2,成熟
1354,15.2,3.39,468.118,4.3774503381795,3,过成熟
1355,15.6,3.49,372.433,6.12749662278455,3,过成熟
1356,15.1,3.37,402.2,7.64905689817253,2,成熟
1357,17.9,3.31,453.504,3.23422679331465,3,过成熟
1358,15.0,3.27,541.881,8.6733919257673,2,成熟
1359,15.9,3.45,479.194,5.36997506449842,3,过成熟
1360,16.3,3.31,451.119,4.49624157999729,3,过成熟
1361,16.3,3.52,458.272,4.28718546463331,3,过成熟
1362,14.9,3.29,474.502,6.65602163171632,2,成熟
1363,15.0,3.32,430.428,7.74232978845234,2,成熟
1364,14.6,3.29,517.345,7.64297265753214,2,成熟
1365,14.3,3.23,555.419,9.52006150856179,2,成熟
1366,16.7,3.33,510.884,3.74556510799432,3,过成熟
1367,14.7,3.26,530.652,7.45544712462377,2,成熟
1368,14.3,3.27,512.422,8.77814021059311,2,成熟
1369,14.0,3.22,466.272,9.08103943304879,2,成熟
1370,15.8,3.36,473.502,5.76976351863315,3,过成熟
1371,15.7,3.31,471.656,5.48199705654676,3,过成熟
1372,16.1,3.31,519.345,4.20982783859028,3,过成熟
1373,16.2,3.51,521.114,4.79818302924617,3,过成熟
1374,15.5,3.32,530.113,6.01967812032465,2,成熟
1375,16.4,3.49,416.122,3.2922539278605,3,过成熟
1376,14.9,3.31,420.122,7.7053088605773,2,成熟
1377,16.7,3.57,414.276,3.28304315794138,3,过成熟
1378,15.5,3.34,468.349,5.43998632691082,3,过成熟
1379,16.1,3.32,480.04,3.91483636221885,3,过成熟
1380,15.5,3.26,471.041,6.41061486182598,2,成熟
1381,17.6,3.55,465.349,4.10341357791571,3,过成熟
1382,17.9,3.49,436.736,3.22259031579931,3,过成熟
1383,17.6,3.5,497.423,3.7422081026413,3,过成熟
1384,17.9,3.53,409.815,2.82666052191387,3,过成熟
1385,17.4,3.51,449.965,3.18250787036788,3,过成熟
1386,17.3,3.5,522.729,2.52055006368186,3,过成熟
1387,17.8,3.47,470.272,2.63909790109941,3,过成熟
1388,16.1,3.33,477.963,4.05673100008804,3,过成熟
1389,15.9,3.35,505.653,5.12240419760587,3,过成熟
1390,15.6,3.26,444.735,7.15730293124142,2,成熟
1391,16.3,3.35,455.35,3.80187687518125,3,过成熟
1392,16.5,3.47,504.884,3.42003506387893,3,过成熟
1393,16.3,3.52,423.198,3.32228404592418,3,过成熟
1394,17.0,3.43,502.654,3.58050200865578,3,过成熟
1395,16.0,3.31,534.882,4.87525632313213,3,过成熟
1396,15.0,3.3,377.74,6.2158627929828,3,过成熟
1397,15.4,3.27,413.276,6.11042523827822,3,过成熟
1398,16.6,3.53,425.813,2.99767193127156,3,过成熟
1399,15.0,3.32,458.272,6.70399963576494,2,成熟
1400,18.0,3.36,562.188,2.87214582555429,3,过成熟
1401,16.3,3.48,458.734,4.68308601353977,3,过成熟
1402,16.0,3.46,344.743,2.00353586769544,3,过成熟
1403,16.8,3.49,432.274,4.86413527982914,3,过成熟
1404,17.4,3.38,450.504,3.83459909715368,3,过成熟
1405,17.5,3.43,517.037,2.15432177919639,3,过成熟
1406,17.8,3.49,463.964,3.13701444319169,3,过成熟
1407,16.9,3.48,449.658,4.40576084014575,3,过成熟
1408,15.6,3.43,375.663,4.96082254208309,3,过成熟
1409,16.0,3.39,367.895,3.10920328014402,3,过成熟
1410,15.9,3.45,458.503,5.19052163272266,3,过成熟
1411,16.1,3.51,407.892,5.94169280434778,3,过成熟
1412,17.1,3.43,487.655,4.85533332528143,3,过成熟
1413,16.9,3.51,461.811,4.11559285826892,3,过成熟
1414,16.9,3.51,474.964,4.03114740164451,3,过成熟
1415,15.8,3.26,385.74,5.21317371531492,3,过成熟
1416,15.8,3.3,445.504,5.01754060832396,3,过成熟
1417,16.6,3.59,413.814,2.90262377025745,3,过成熟
1418,15.3,3.38,471.271,6.05011726345181,3,过成熟
1419,15.7,3.43,513.653,5.96113084189418,2,成熟
1420,16.4,3.58,510.115,5.28410785151536,3,过成熟
1421,16.7,3.46,543.804,3.92063874357398,3,过成熟
1422,15.2,3.33,499.654,6.26146709178176,2,成熟
1423,14.9,3.3,442.889,6.90653478148713,2,成熟
1424,15.2,3.42,432.351,6.23138655266782,3,过成熟
1425,17.1,3.28,529.421,4.90767214563945,3,过成熟
1426,16.8,3.45,379.279,2.25556639874373,3,过成熟
1427,15.7,3.47,382.74,4.12731919703931,3,过成熟
1428,16.2,3.32,504.884,3.71575961771714,3,过成熟
1429,15.7,3.22,492.424,4.80409902037647,3,过成熟
1430,15.4,3.42,355.973,4.28452515489358,3,过成熟
1431,16.2,3.45,268.979,3.40634005989622,3,过成熟
1432,16.0,3.54,434.044,4.50858894256402,3,过成熟
1433,16.5,3.5,500.346,4.08218723890759,3,过成熟
1434,17.0,3.41,522.498,3.36293674807057,3,过成熟
1435,16.8,3.5,427.659,4.53746859039364,3,过成熟
1436,17.8,3.42,451.273,2.64841395339089,3,过成熟
1437,15.5,3.28,494.424,5.08738065287905,3,过成熟
1438,18.0,3.37,596.262,2.44583332137335,3,过成熟
1439,15.4,3.29,423.352,5.02942883116192,3,过成熟
1440,15.4,3.28,507.576,4.53741736428814,3,过成熟
1441,18.8,3.5,527.806,3.29567174973633,3,过成熟
1442,15.4,3.33,501.423,7.01952921284679,2,成熟
1443,17.2,3.46,476.194,4.30059617630653,3,过成熟
1444,17.6,3.55,497.808,3.20435126561689,3,过成熟
1445,16.9,3.54,453.427,5.68289904497772,3,过成熟
1446,16.6,3.4,475.963,5.12867730489329,3,过成熟
1447,17.5,3.48,379.355,4.27524784270509,3,过成熟
1448,16.2,3.63,386.124,4.72040347199009,3,过成熟
1449,15.4,3.27,449.427,5.61971856535834,3,过成熟
1450,17.7,3.34,449.042,3.61675486622385,3,过成熟
1451,16.0,3.52,409.276,4.73561042696453,3,过成熟
1452,17.2,3.41,567.803,3.75776655600303,3,过成熟
1453,16.9,3.43,500.192,4.16823066459038,3,过成熟
1454,16.8,3.46,386.432,2.93428829219287,3,过成熟
1455,15.2,3.32,533.882,5.50249325521303,2,成熟
1456,17.1,3.34,538.189,3.94428198597053,3,过成熟
1457,16.5,3.4,503.5,4.19810294637495,3,过成熟
1458,15.8,3.28,452.734,4.84299689893565,3,过成熟
1459,15.6,3.47,407.046,4.45386850825516,3,过成熟
1460,15.6,3.33,503.577,5.73009060957467,2,成熟
1461,16.2,3.37,357.896,4.6150368515823,3,过成熟
1462,14.8,3.28,400.969,7.34298888883234,2,成熟
1463,15.6,3.21,435.505,6.44500402566919,2,成熟
1464,14.9,3.26,492.501,9.01089783474077,2,成熟
1465,16.9,3.46,434.736,4.42538604973651,3,过成熟
1466,14.5,3.2,455.58,7.00905262110868,2,成熟
1467,17.8,3.41,482.963,2.7244666227948,3,过成熟
1468,14.2,3.26,551.496,9.43668470357843,2,成熟
1469,15.8,3.48,379.509,3.78901951643863,3,过成熟
1470,16.9,3.54,432.121,3.76874107235934,3,过成熟
1471,15.8,3.51,560.188,4.94371049789575,3,过成熟
1472,15.0,3.42,576.033,5.44117339892354,2,成熟
1473,15.1,3.37,601.031,7.55337597414432,2,成熟
1474,16.0,3.44,587.109,4.80140864644276,3,过成熟
1475,16.0,3.45,554.342,5.66910200171581,2,成熟
1476,15.7,3.41,385.817,6.19273055609143,3,过成熟
1477,16.2,3.42,514.499,4.4967175057349,3,过成熟
1478,15.6,3.42,549.496,6.32025941221477,2,成熟
1479,14.5,3.36,465.733,5.75224845436179,2,成熟
1480,14.5,3.34,586.109,7.43809794274435,2,成熟
1481,15.3,3.39,513.191,3.7577031002483,3,过成熟
1482,17.4,3.53,465.195,2.81502161774632,3,过成熟
1483,16.3,3.44,496.193,3.32300950652049,3,过成熟
1484,15.5,3.23,588.878,6.35851146497831,2,成熟
1485,15.7,3.47,485.117,3.63608048960045,3,过成熟
1486,16.4,3.49,511.73,3.62301021898907,3,过成熟
1487,16.5,3.47,580.263,2.82594214320573,3,过成熟
1488,16.0,3.47,513.73,5.10718765763953,3,过成熟
1489,15.4,3.36,521.729,6.24794287487758,2,成熟
1490,15.7,3.43,501.115,5.55969273557918,3,过成熟
1491,16.2,3.33,544.189,5.70232647052514,2,成熟
1492,16.0,3.49,427.429,2.3253373809458,3,过成熟
1493,15.4,3.38,567.033,5.09717869453218,2,成熟
1494,17.1,3.55,382.586,3.00074178256547,3,过成熟
1495,15.4,3.44,505.192,3.48496822621131,3,过成熟
1496,15.3,3.39,456.888,4.85506195455856,3,过成熟
1497,15.5,3.42,589.109,5.25782819650185,2,成熟
1498,16.4,3.48,563.034,4.81396814779123,3,过成熟
1499,15.9,3.44,514.96,6.24958173187594,2,成熟
1500,16.3,3.45,457.273,4.06661377693605,3,过成熟
1501,17.3,3.6,436.966,4.30947240430402,3,过成熟
1502,15.8,3.47,532.267,5.50468221297241,3,过成熟
1503,17.2,3.57,483.963,3.29383663958907,3,过成熟
1504,16.6,3.52,449.658,3.50245578163592,3,过成熟
1505,16.0,3.38,509.653,5.31943439795463,3,过成熟
1506,16.9,3.47,474.117,3.03579969628743,3,过成熟
1507,16.5,3.34,479.425,5.20147372259946,3,过成熟
1508,16.8,3.37,433.274,3.23723780458619,3,过成熟
1509,16.5,3.5,463.041,3.12115999909481,3,过成熟
1510,15.2,3.4,465.195,4.70250930483942,3,过成熟
1511,16.2,3.44,465.272,3.86912092203223,3,过成熟
1512,17.0,3.43,458.119,4.12029401891198,3,过成熟
1513,14.5,3.43,549.266,5.98580155410618,2,成熟
1514,16.6,3.39,509.422,4.79767342370366,3,过成熟
1515,17.4,3.46,436.736,3.93159132693423,3,过成熟
1516,17.2,3.4,493.039,4.57647273349137,3,过成熟
1517,16.9,3.56,442.197,3.5642433085349,3,过成熟
1518,16.8,3.57,536.267,3.4656908044979,3,过成熟
1519,17.0,3.58,452.734,3.37171670254043,3,过成熟
1520,16.6,3.5,568.341,4.36043939642436,3,过成熟
1521,17.0,3.54,478.502,3.7939499536725,3,过成熟
1522,17.3,3.51,425.352,3.11227016493266,3,过成熟
1523,17.2,3.58,405.815,1.99124624978519,3,过成熟
1524,18.4,3.64,449.273,1.88557898903547,3,过成熟
1525,17.1,3.53,440.966,1.93722494045561,3,过成熟
1526,17.0,3.6,466.58,2.46955857228426,3,过成熟
1527,16.7,3.51,493.116,3.48193289149218,3,过成熟
1528,16.8,3.51,337.359,2.53535353329474,3,过成熟
1529,16.1,3.46,439.197,3.60344581837854,3,过成熟
1530,16.9,3.52,533.882,3.5832096847258,3,过成熟
1531,16.2,3.52,474.579,4.60948964414989,3,过成熟
1532,16.7,3.53,431.044,4.10969005581161,3,过成熟
1533,16.7,3.49,489.732,3.97434090795092,3,过成熟
1534,15.7,3.43,453.042,6.83389619517927,2,成熟
1535,16.1,3.43,280.594,5.65166638100783,3,过成熟
1536,17.1,3.49,486.809,3.5910448608375,3,过成熟
1537,17.0,3.49,512.268,2.74388395338492,3,过成熟
1538,17.0,3.5,496.654,2.11280849515441,3,过成熟
1539,17.4,3.57,429.659,2.16696001210386,3,过成熟
1540,16.9,3.54,440.12,2.20265703692754,3,过成熟
1541,17.0,3.49,457.965,1.99664050128806,3,过成熟
1542,17.1,3.48,519.499,2.43954767684339,3,过成熟
1543,17.2,3.49,423.275,2.88614836172039,3,过成熟
1544,16.4,3.36,528.19,4.39842975016294,3,过成熟
1545,17.0,3.47,442.043,2.73527769580473,3,过成熟
1546,17.3,3.52,459.349,2.96495941071933,3,过成熟
1547,17.5,3.5,466.118,2.5674479483036,3,过成熟
1548,16.4,3.47,570.956,3.60662426172145,3,过成熟
1549,17.2,3.48,318.822,2.3834866053995,3,过成熟
1550,17.3,3.52,499.269,3.14589474119866,3,过成熟
1551,17.6,3.45,510.422,2.91923734635963,3,过成熟
1552,16.9,3.52,463.272,3.43685183041287,3,过成熟
1553,17.2,3.53,493.808,3.68339666882643,3,过成熟
1554,17.6,3.44,464.195,3.43946908354625,3,过成熟
1555,15.8,3.43,405.507,3.56480228053429,3,过成熟
1556,17.2,3.43,451.735,3.48409373862204,3,过成熟
1557,16.7,3.39,462.272,4.51674531321857,3,过成熟
1558,17.5,3.51,476.271,3.24098585299227,3,过成熟
1559,17.3,3.43,477.886,2.52019817664864,3,过成熟
1560,18.0,3.55,386.74,1.75098530458542,3,过成熟
1561,17.5,3.61,421.583,3.44471682339708,3,过成熟
1562,17.9,3.63,365.895,2.79935626005144,3,过成熟
1563,17.1,3.52,433.197,3.77092748917278,3,过成熟
1564,18.1,3.54,408.276,2.32675260261905,3,过成熟
1565,16.6,3.54,377.202,2.74272192810582,3,过成熟
1566,16.7,3.6,434.967,3.03148783092104,3,过成熟
1567,16.3,3.53,444.889,2.50234537855925,3,过成熟
1568,16.5,3.53,460.349,2.5006241680373,3,过成熟
1569,17.1,3.57,410.738,2.04228514493242,3,过成熟
1570,17.0,3.57,541.651,2.66242963975724,3,过成熟
1571,16.9,3.55,531.882,2.93784171961482,3,过成熟
1572,19.0,3.64,448.889,1.36819711427577,3,过成熟
1573,18.5,3.69,434.044,1.33275530449368,3,过成熟
1574,17.1,3.62,460.58,2.18751828016149,3,过成熟
1575,16.4,3.55,430.967,3.71867730070543,3,过成熟
1576,17.4,3.57,459.195,2.12291489000149,3,过成熟
1577,17.9,3.56,370.587,1.35423308287148,3,过成熟
1578,17.2,3.53,407.43,3.40903568299548,3,过成熟
1579,17.3,3.54,448.889,2.19075139265215,3,过成熟
1580,17.3,3.5,449.196,1.85924861530317,3,过成熟
1581,17.6,3.5,480.425,1.52344367554375,3,过成熟
1582,17.1,3.47,464.734,1.77832883891332,3,过成熟
1583,16.4,3.39,537.651,2.80650337685644,3,过成熟
1584,17.4,3.51,369.279,1.46833858976034,3,过成熟
1585,18.6,3.57,423.121,1.57272660672688,3,过成熟
1586,18.2,3.61,420.122,1.20067158817679,3,过成熟
1587,18.2,3.63,456.426,1.69355878633442,3,过成熟
1588,17.4,3.55,409.892,1.34363636260827,3,过成熟
1589,17.9,3.62,490.347,1.45679023232414,3,过成熟
1590,18.2,3.56,357.973,1.30056698851374,3,过成熟
1591,17.1,3.62,448.658,4.39961154171829,3,过成熟
1592,17.8,3.6,410.584,4.28560733182483,3,过成熟
1593,15.4,3.48,441.505,5.35141984069291,3,过成熟
1594,18.5,3.63,396.893,3.37326418183651,3,过成熟
1595,18.1,3.66,425.429,2.41303433343716,3,过成熟
1596,19.3,3.66,437.428,2.56437432698868,3,过成熟
1597,17.7,3.63,381.048,2.11955017514391,3,过成熟
1598,17.8,3.65,443.043,2.47914922742322,3,过成熟
1599,18.2,3.63,429.813,2.84874042745947,3,过成熟
1600,18.9,3.6,442.428,3.48817086886116,3,过成熟
1601,17.8,3.63,439.889,2.02970654623859,3,过成熟
1602,17.5,3.7,440.889,2.29193825557847,3,过成熟
1603,18.0,3.67,402.2,2.31864797930963,3,过成熟
1604,18.0,3.69,471.887,2.73029967988641,3,过成熟
1605,18.7,3.7,454.196,2.72368778208513,3,过成熟
1606,18.4,3.67,447.196,1.97344139253601,3,过成熟
1607,18.5,3.68,474.041,3.64934233195525,3,过成熟
1608,18.2,3.7,389.201,4.05764201512695,3,过成熟
1609,18.1,3.69,442.12,2.58529054634553,3,过成熟
1610,18.1,3.66,393.662,3.16118397399683,3,过成熟
1611,17.9,3.64,311.207,2.52517956973338,3,过成熟
1612,18.3,3.72,395.277,2.1683030815651,3,过成熟
1613,18.5,3.62,431.659,1.35164394580118,3,过成熟
1614,18.1,3.64,393.739,2.5646631614019,3,过成熟
1615,18.8,3.73,379.74,3.28063526904031,3,过成熟
1616,17.8,3.57,513.268,3.01563966308794,3,过成熟
1617,17.7,3.6,465.887,1.61968736212065,3,过成熟
1618,18.7,3.66,423.891,1.92572154495172,3,过成熟
1619,18.6,3.61,434.351,1.18677378180419,3,过成熟
1620,17.9,3.63,457.273,2.39634274077691,3,过成熟
1621,18.4,3.75,466.887,2.56788521672591,3,过成熟
1622,16.8,3.54,451.196,3.47354405123702,3,过成熟
1623,17.9,3.62,518.883,3.07954212307181,3,过成熟
1624,18.2,3.68,497.5,3.2281520922761,3,过成熟
1625,18.2,3.65,533.959,2.73078087666713,3,过成熟
1626,18.0,3.55,564.495,2.84686363639658,3,过成熟
1627,18.7,3.65,432.89,2.81186680578318,3,过成熟
1628,18.1,3.62,496.654,2.5090674849479,3,过成熟
1629,17.6,3.58,466.041,3.09908854756497,3,过成熟
1630,17.4,3.51,526.96,2.21123160206443,3,过成熟
1631,17.4,3.55,424.352,3.48384072124026,3,过成熟
1632,17.0,3.5,457.734,4.26518174259232,3,过成熟
1633,17.9,3.56,533.497,2.18871058025131,3,过成熟
1634,17.1,3.51,498.423,4.01962392733812,3,过成熟
1635,18.0,3.6,479.886,1.57264379216005,3,过成熟
1636,17.9,3.61,553.188,3.06861812420703,3,过成熟
1637,18.2,3.6,439.659,2.67351346874382,3,过成熟
1638,18.1,3.61,449.965,2.94701757077803,3,过成熟
1639,17.6,3.53,403.277,2.27400840920678,3,过成熟
1640,15.4,3.39,443.12,4.24915132441573,3,过成熟
1641,18.3,3.58,509.884,1.13601453967915,3,过成熟
1642,19.4,3.65,460.119,1.24186912114897,3,过成熟
1643,20.1,3.69,482.809,1.66363260399734,3,过成熟
1644,19.0,3.64,411.276,2.5115975554131,3,过成熟
1645,20.3,3.73,485.886,1.34950834264126,3,过成熟
1646,18.7,3.6,474.117,1.48734957488952,3,过成熟
1647,19.4,3.66,511.345,1.37296070669401,3,过成熟
1648,19.7,3.63,456.35,2.85269612175451,3,过成熟
1649,19.6,3.68,423.583,1.13959773487825,3,过成熟
1650,19.5,3.67,448.119,1.03326462555036,3,过成熟
1651,19.0,3.7,556.88,2.43235801119981,3,过成熟
1652,19.0,3.7,556.88,2.02055393969113,3,过成熟
1653,19.0,3.7,556.88,2.34084207187809,3,过成熟
1654,19.0,3.7,556.88,1.75359894435783,3,过成熟
1655,19.0,3.7,556.88,2.68471372657129,3,过成熟
1656,19.3,3.76,410.045,1.25403092863155,3,过成熟
1657,19.1,3.68,387.278,0.734016001458076,3,过成熟
1658,18.9,3.68,450.965,0.828615315687855,3,过成熟
1659,19.3,3.7,448.812,0.81886751373181,3,过成熟
1660,19.2,3.66,391.508,1.44645900172177,3,过成熟
1661,18.7,3.62,421.891,1.59316543371701,3,过成熟
1662,18.7,3.71,392.816,1.24742027469794,3,过成熟
1663,18.7,3.59,373.741,1.60407762221857,3,过成熟
1664,19.2,3.69,456.042,0.670327667030358,3,过成熟
1665,18.5,3.62,460.657,1.81225659704673,3,过成熟
1666,19.4,3.64,446.196,1.20679972183384,3,过成熟
1667,19.1,3.64,407.046,0.830716551918733,3,过成熟
1668,18.6,3.62,454.58,1.68732870138511,3,过成熟
1669,17.4,3.55,462.734,3.1343707012051,3,过成熟
1670,18.0,3.65,501.961,1.71227244166403,3,过成熟
1671,18.0,3.61,467.579,2.01034931768418,3,过成熟
1672,17.7,3.62,411.43,2.72280035317882,3,过成熟
1673,18.2,3.59,435.274,1.77063414565161,3,过成熟
1674,18.0,3.61,300.9,2.38153696842592,3,过成熟
1675,19.1,3.55,397.816,1.11930801759263,3,过成熟
1676,20.0,3.67,344.589,1.17201803585524,3,过成熟
1677,19.5,3.62,449.042,1.12739043209035,3,过成熟
1678,19.3,3.54,464.272,0.951634892558116,3,过成熟
1679,18.1,3.65,436.813,1.49426749338915,3,过成熟
1680,19.1,3.59,405.507,1.37863924908848,3,过成熟
1681,17.7,3.77,493.885,3.02684266804851,3,过成熟
1682,18.3,3.74,554.188,2.79424356189626,3,过成熟
1683,17.5,3.77,529.498,3.26008015103394,3,过成熟
1684,17.9,3.77,485.347,2.99638721706894,3,过成熟
1685,17.7,3.78,459.426,4.15799643015743,3,过成熟
1686,18.6,3.74,592.57,2.20108626624953,3,过成熟
1687,17.7,3.76,460.195,3.34163900132112,3,过成熟
1688,17.8,3.77,582.417,3.07341175001614,3,过成熟
1689,18.4,3.78,372.971,1.74923683955691,3,过成熟
1690,18.4,3.74,509.576,1.91500371327505,3,过成熟
1691,18.9,3.83,429.198,1.22166151872888,3,过成熟
1692,18.4,3.74,394.124,2.03358353692987,3,过成熟
1693,18.2,3.73,518.729,2.63525921086587,3,过成熟
1694,18.6,3.72,568.495,2.03207244184571,3,过成熟
1695,19.0,3.72,562.341,1.38512535786081,3,过成熟
1696,18.2,3.69,484.809,2.1342304445856,3,过成熟
1697,18.4,3.71,507.961,1.79669598138891,3,过成熟
1698,17.4,3.76,557.111,3.47004408973788,3,过成熟
1699,19.2,3.83,435.12,1.35688013107153,3,过成熟
1700,17.3,3.75,445.273,3.23428377766364,3,过成熟
1701,17.6,3.75,398.2,3.54747973588014,3,过成熟
1702,18.7,3.76,450.273,1.38701720315157,3,过成熟
1703,18.4,3.77,430.89,1.5768779359685,3,过成熟
1704,18.4,3.77,428.659,1.61385809947373,3,过成熟
1705,19.4,3.73,494.5,1.46058361287504,3,过成熟
1706,19.8,3.77,515.96,1.05967322426045,3,过成熟
1707,18.7,3.74,483.809,1.48076311230698,3,过成熟
1708,17.0,3.79,499.039,3.07333971285437,3,过成熟
1709,18.8,3.74,404.123,1.7723657217284,3,过成熟
1710,19.8,3.77,455.888,1.05960708797193,3,过成熟
1711,18.7,3.74,436.043,2.34143839725841,3,过成熟
1712,21.3,3.91,634.105,2.90021739163138,3,过成熟
1713,20.3,3.88,559.495,2.19546631422642,3,过成熟
1714,20.3,3.91,602.954,2.24997761987639,3,过成熟
1715,19.2,3.83,455.734,2.07297237795638,3,过成熟
1716,18.1,3.79,396.431,3.60952660429372,3,过成熟
1717,18.4,3.82,458.042,2.59319948978698,3,过成熟
1718,20.0,3.91,486.501,1.43845360399371,3,过成熟
1719,19.6,3.74,543.958,1.29952407830093,3,过成熟
1720,17.9,3.76,392.124,3.1108484363685,3,过成熟
1721,17.9,3.78,392.354,2.71259847047113,3,过成熟
1722,18.6,3.76,444.35,3.58758849884338,3,过成熟
1723,18.3,3.81,548.573,2.83136343452209,3,过成熟
1724,18.1,3.82,489.039,3.38823973033905,3,过成熟
1725,18.4,3.81,595.493,2.99131273122188,3,过成熟
1726,17.8,3.77,443.351,3.96493069690968,3,过成熟
1727,18.9,3.71,499.5,2.46801201551,3,过成熟
1728,19.8,3.94,420.891,1.51082565068629,3,过成熟
1729,19.8,3.89,472.118,0.824533874431913,3,过成熟
1730,20.1,3.84,382.74,0.881464047105591,3,过成熟
1731,19.0,3.75,526.652,1.2310843139081,3,过成熟
1732,20.1,3.76,491.116,1.20138782175948,3,过成熟
1733,18.4,3.75,429.505,3.17333834334778,3,过成熟
1734,18.8,3.81,411.584,1.34759426864345,3,过成熟
1735,18.3,3.77,433.121,2.39816237355759,3,过成熟
1736,20.1,3.91,440.812,1.13496066229733,3,过成熟
1737,19.9,3.88,398.892,1.42054511112387,3,过成熟
1738,22.0,3.95,523.421,1.52768757961224,3,过成熟
1739,17.8,3.78,447.735,2.61890145624419,3,过成熟
1740,18.0,3.76,458.58,2.23178401289523,3,过成熟
1741,18.6,3.8,454.427,3.15702347306877,3,过成熟
1742,18.2,3.79,466.349,4.17166623950088,3,过成熟
1743,18.1,3.84,586.416,3.2918097539511,3,过成熟
1744,18.6,3.78,421.275,2.76822062565676,3,过成熟
1745,18.2,3.78,438.659,2.51858714462847,3,过成熟
1746,18.1,3.75,521.96,3.05961303604711,3,过成熟
1747,19.4,3.74,483.04,1.77935005941281,3,过成熟
1748,18.9,3.8,453.119,2.61762322371985,3,过成熟
1749,19.5,3.75,432.198,2.60676492582112,3,过成熟
1750,19.6,3.73,534.42,1.36412960862864,3,过成熟
1751,19.6,3.72,465.733,1.704000288642,3,过成熟
1752,20.0,3.81,596.416,1.77789686938928,3,过成熟
1753,20.1,3.88,485.578,1.26981733067216,3,过成熟
1754,18.5,3.75,474.348,1.91868187152335,3,过成熟
1755,20.7,3.86,557.726,1.67882479384393,3,过成熟
1756,19.4,3.76,555.419,1.39896687493159,3,过成熟
1757,19.5,3.72,500.654,1.22200367514183,3,过成熟
1758,18.7,3.82,410.199,1.89531875037045,3,过成熟
1759,19.5,3.73,428.275,1.40147064888206,3,过成熟
1760,20.1,3.78,515.653,1.04962618198403,3,过成熟
1761,19.9,3.85,379.509,1.43635119879089,3,过成熟
1762,19.0,3.84,398.123,1.2845521068875,3,过成熟
1763,19.8,3.72,552.419,1.23109225950804,3,过成熟
1764,19.2,3.75,592.954,1.32345611081872,3,过成熟
1765,20.2,3.72,606.338,1.68723421303135,3,过成熟
1766,20.2,3.77,500.346,2.07398733480535,3,过成熟
1767,17.8,3.8,415.891,2.87979541857797,3,过成熟
1768,18.1,3.76,465.118,2.58559383392667,3,过成熟
1769,19.2,3.79,543.189,1.52639994625853,3,过成熟
1770,21.0,3.83,477.425,0.630691986719133,3,过成熟
1771,19.2,3.71,436.582,1.64854599578375,3,过成熟
1772,18.3,3.8,474.502,2.57100846367898,3,过成熟
1773,20.9,3.79,529.575,2.0051846442355,3,过成熟
1774,18.6,3.86,440.582,1.57807852965598,3,过成熟
1775,19.5,3.74,464.272,1.42344230611011,3,过成熟
1776,17.9,3.75,463.503,2.74544408013108,3,过成熟
1777,20.7,3.76,438.889,1.06461960659689,3,过成熟
1778,20.2,3.76,471.041,1.04754651822233,3,过成熟
1779,20.0,3.88,393.277,1.71857600323163,3,过成熟
1780,19.5,3.71,417.583,1.2052628259418,3,过成熟
1781,20.6,3.73,427.967,1.23599633222306,3,过成熟
1782,20.8,3.89,522.729,1.21205572300714,3,过成熟
1783,21.3,3.74,474.887,1.26865412984638,3,过成熟
1784,19.1,3.83,577.186,0.940554402188414,3,过成熟
1785,18.6,3.74,496.5,2.33190700717974,3,过成熟
1786,20.4,3.71,413.353,2.10041452962975,3,过成熟
1787,20.3,3.78,466.426,1.04922948215457,3,过成熟
1788,19.8,3.78,560.342,0.95239146341054,3,过成熟
1789,19.6,3.86,448.889,0.962833899281896,3,过成熟
1790,20.3,3.86,526.19,1.05339025294349,3,过成熟
1791,22.1,3.96,619.106,1.22131888976652,3,过成熟
1792,20.6,3.79,492.193,1.32242157451295,3,过成熟
1793,19.9,3.88,537.959,1.36623487193649,3,过成熟
1794,22.0,3.94,555.727,0.899020555178908,3,过成熟
1795,21.7,3.76,460.811,0.614403468979258,3,过成熟
1796,20.1,3.8,446.889,0.781953032366081,3,过成熟
1797,21.5,3.83,520.96,0.911944359145143,3,过成熟
1798,19.8,3.76,465.426,0.760451606567547,3,过成熟
1799,19.2,3.9,443.427,1.65399805754456,3,过成熟
1800,21.4,3.78,531.882,0.845776572903144,3,过成熟
1801,20.3,3.88,479.271,1.0749048399306,3,过成熟
1802,19.3,3.81,530.498,0.912718808287312,3,过成熟
1803,19.5,3.84,469.041,1.11022971217138,3,过成熟
1804,19.5,3.9,571.495,0.984442452822342,3,过成熟
1805,19.1,3.79,429.736,1.38919771801755,3,过成熟
1806,19.4,3.83,495.577,1.57732101772126,3,过成熟
1807,18.7,3.79,467.426,1.86167503170896,3,过成熟
1808,21.9,3.9,493.347,0.765336807661689,3,过成熟
1809,21.9,3.87,502.038,0.615661944436335,3,过成熟
1810,19.9,3.76,469.964,1.77524951962696,3,过成熟
1811,19.2,3.8,575.725,1.27232344183581,3,过成熟
1812,21.0,3.8,412.661,1.38603876241476,3,过成熟
1813,21.4,3.74,500.039,1.16424787358808,3,过成熟
1814,19.9,3.78,402.969,1.22337273869407,3,过成熟
1815,19.6,3.78,491.347,1.14143334643787,3,过成熟
1816,20.8,3.89,489.347,1.14986463270945,3,过成熟
1817,21.0,3.82,581.032,0.876809377075595,3,过成熟
1818,20.6,3.78,519.729,1.42701525571809,3,过成熟
1819,20.8,3.78,543.343,1.1017933614196,3,过成熟
1820,19.9,3.74,446.735,0.966093710396513,3,过成熟
1821,20.2,3.87,459.888,1.07960525372062,3,过成熟
1822,18.9,3.75,471.425,1.33957748836495,3,过成熟
1823,19.4,3.83,620.414,0.993410665948504,3,过成熟
1824,18.3,3.72,530.728,1.78579649675097,3,过成熟
1825,19.9,3.88,519.499,0.939323673561409,3,过成熟
1826,18.2,3.69,483.655,2.15905429415316,3,过成熟
1827,18.8,3.77,401.277,0.977854949975423,3,过成熟
1828,20.9,3.77,445.504,0.870323246889066,3,过成熟
1829,20.9,3.8,512.576,1.10556525341136,3,过成熟
1830,18.1,3.7,439.812,2.63135948540779,3,过成熟
1831,19.9,3.9,473.348,1.43741518321468,3,过成熟
1832,19.6,3.8,463.734,1.22059403498192,3,过成熟
1833,19.3,3.82,486.809,2.42171270495955,3,过成熟
1834,21.0,3.83,441.581,1.81862058140221,3,过成熟
1835,19.3,3.8,508.807,1.26876427747339,3,过成熟
1836,21.1,3.84,545.343,1.27047312844759,3,过成熟
1837,18.5,3.83,493.962,1.47658662622141,3,过成熟
1838,20.7,3.81,428.582,0.62762788434682,3,过成熟
1839,20.0,3.86,450.735,0.866057918098859,3,过成熟
1840,21.3,3.8,550.496,1.26077969670441,3,过成熟
1841,18.8,3.74,425.813,1.41998002011315,3,过成熟
1842,19.8,3.81,495.885,1.52737673069348,3,过成熟
1843,21.1,3.89,611.261,0.377031191386348,3,过成熟
1844,20.1,3.8,431.582,1.71616318254073,3,过成熟
1845,19.9,3.84,491.578,0.925884907576948,3,过成熟
1846,20.2,3.8,518.729,1.50013023635606,3,过成熟
1847,20.8,3.75,544.42,1.28413751497392,3,过成熟
1848,20.7,3.77,471.271,0.82778028607835,3,过成熟
1849,20.1,3.82,453.965,1.13355431107505,3,过成熟
1850,20.9,3.83,455.119,0.88047827302574,3,过成熟
1851,20.9,3.84,437.428,1.34897441517744,3,过成熟
1852,20.0,3.76,390.278,0.962465277206147,3,过成熟
1853,19.5,3.84,607.799,1.11063966605654,3,过成熟
1854,22.5,3.74,509.422,0.596967559582027,3,过成熟
1855,21.6,3.76,513.268,0.695955767047635,3,过成熟
1856,20.8,3.81,415.583,1.24639918207298,3,过成熟
1857,23.0,3.74,414.045,1.02356186166051,3,过成熟
1858,22.3,3.85,577.494,2.23530812712842,3,过成熟
1859,22.5,3.82,506.576,0.457958879031883,3,过成熟
1860,20.7,3.81,552.188,1.50239085522858,3,过成熟
1861,19.0,3.88,523.191,2.18279081752942,3,过成熟
1862,19.8,3.88,439.505,3.43080527913573,3,过成熟
1863,19.5,3.76,440.12,1.77118800987942,3,过成熟
1864,20.7,3.9,500.962,1.40842263777312,3,过成熟
1865,19.1,3.79,505.961,1.92078322166619,3,过成熟
1866,20.4,3.83,540.728,1.38996540453528,3,过成熟
1867,19.8,3.87,438.043,1.32351695273133,3,过成熟
1868,21.4,3.86,481.425,0.85954918191151,3,过成熟
1869,19.6,3.81,484.809,1.05434342799114,3,过成熟
1870,19.9,3.83,472.656,1.15766734148225,3,过成熟
1871,22.1,3.73,488.193,0.519409766951288,3,过成熟
1872,21.1,3.9,577.033,0.474957638277804,3,过成熟
1873,21.8,3.83,539.343,0.850640329799142,3,过成熟
1874,22.5,3.78,492.885,0.297552652842822,3,过成熟
1875,20.7,3.9,463.811,0.817685043020157,3,过成熟
1876,22.0,3.79,424.198,0.639351012252022,3,过成熟
1877,19.1,3.78,364.203,1.40670322870262,3,过成熟
1878,21.6,3.91,413.353,1.13609542062312,3,过成熟
1879,20.4,3.77,561.111,0.867633601250872,3,过成熟
1880,19.4,3.76,494.116,2.27522684288851,3,过成熟
1881,17.6,3.76,391.047,3.27009016535323,3,过成熟
1882,21.2,3.79,405.2,1.16286855658206,3,过成熟
1883,21.3,3.82,485.501,0.776555960981789,3,过成熟
1884,20.9,3.97,466.272,0.724057342587645,3,过成熟
1885,20.8,3.92,466.964,1.11837341701968,3,过成熟
1886,21.7,3.77,477.425,1.11610846525267,3,过成熟
1887,21.1,3.74,442.428,0.661459109139286,3,过成熟
1888,20.9,3.87,506.961,0.500796454315285,3,过成熟
1889,19.1,3.69,530.805,1.36356083275352,3,过成熟
1890,21.7,3.78,462.657,0.686740018100487,3,过成熟
1891,14.6,3.53,652.642,10.0474122390762,2,成熟
1892,15.1,3.58,603.8,9.68727299563363,2,成熟
1893,15.7,3.57,522.883,10.271300748965,2,成熟
1894,15.3,3.55,630.182,9.84476637881443,2,成熟
1895,15.5,3.59,479.655,8.76462656503914,2,成熟
1896,16.1,3.63,518.422,5.54511303579465,3,过成熟
1897,16.5,3.57,597.723,7.9389910721509,2,成熟
1898,16.2,3.66,813.245,8.32640443015898,2,成熟
1899,14.8,3.56,563.572,10.9161816118746,2,成熟
1900,16.5,3.58,590.109,7.25083403152912,2,成熟
1901,15.9,3.57,489.27,8.93468936072134,2,成熟
1902,16.3,3.58,661.18,8.29335499112356,2,成熟
1903,16.0,3.68,478.117,6.74121148886185,3,过成熟
1904,16.3,3.63,548.035,7.7166239515869,2,成熟
1905,16.6,3.65,411.661,5.16459896012326,3,过成熟
1906,16.3,3.63,559.495,7.44320189805081,2,成熟
1907,16.2,3.63,649.335,6.42465523938287,2,成熟
1908,16.5,3.6,478.502,8.51518229810093,2,成熟
1909,17.0,3.63,507.038,5.1991809655261,3,过成熟
1910,15.8,3.65,563.803,8.59015154784392,2,成熟
1911,17.0,3.62,596.416,7.04270025051636,2,成熟
1912,17.1,3.69,505.73,5.93392134914563,3,过成熟
1913,16.7,3.69,416.199,6.0499209812891,3,过成熟
1914,16.8,3.7,482.271,5.88448093100121,3,过成熟
1915,17.2,3.6,414.122,6.6010489293183,3,过成熟
1916,17.9,3.63,450.658,4.9513883953372,3,过成熟
1917,16.0,3.62,461.195,8.54669709201577,2,成熟
1918,17.8,3.67,558.342,5.76196813338813,3,过成熟
1919,17.1,3.68,608.415,5.99702407098494,3,过成熟
1920,16.9,3.66,472.118,6.97953007318567,3,过成熟
1921,16.5,3.6,566.726,7.33038485024329,2,成熟
1922,17.8,3.68,389.124,4.34187431206115,3,过成熟
1923,16.3,3.64,561.342,7.20609834262918,2,成熟
1924,17.6,3.71,585.724,4.79029711477756,3,过成熟
1925,16.6,3.69,491.808,7.56366278298136,2,成熟
1926,16.1,3.58,537.19,7.24383063967821,2,成熟
1927,17.5,3.75,479.886,5.54556727328081,3,过成熟
1928,16.7,3.72,531.344,6.58756062907422,3,过成熟
1929,17.6,3.65,524.729,5.60867876168355,3,过成熟
1930,17.3,3.59,488.962,6.44066202403247,3,过成熟
1931,18.1,3.71,454.042,5.22484533231119,3,过成熟
1932,17.0,3.6,459.195,7.8985374718979,2,成熟
1933,18.6,3.7,586.493,6.46694917932155,3,过成熟
1934,17.0,3.6,502.346,7.67899926917501,2,成熟
1935,18.0,3.67,474.733,3.73048757852499,3,过成熟
1936,19.0,3.7,538.42,3.89304216267809,3,过成熟
1937,17.8,3.62,581.725,8.23109824850155,2,成熟
1938,17.9,3.69,475.425,6.20099791396259,3,过成熟
1939,17.5,3.7,564.957,6.90307548333244,3,过成熟
1940,18.4,3.63,410.353,3.92683741170904,3,过成熟
1941,18.4,3.66,484.117,3.05970359406798,3,过成熟
1942,17.8,3.62,504.346,4.87553756068305,3,过成熟
1943,18.1,3.76,545.497,3.27986795131212,3,过成熟
1944,18.3,3.69,587.724,4.10976474586427,3,过成熟
1945,17.0,3.62,510.499,7.95496450203892,2,成熟
1946,18.8,3.73,547.189,3.60123604310298,3,过成熟
1947,17.1,3.74,397.969,4.78974728975512,3,过成熟
1948,17.7,3.61,508.576,5.4060728367694,3,过成熟
1949,18.2,3.73,552.342,4.58070599841832,3,过成熟
1950,17.3,3.66,558.188,6.3108766000716,3,过成熟
1951,20.7,3.83,462.195,0.809020112066846,3,过成熟
1952,19.2,3.71,530.036,2.37875820492316,3,过成熟
1953,20.1,3.69,555.111,1.65843469650253,3,过成熟
1954,21.0,3.88,486.117,0.684141452684578,3,过成熟
1955,16.4,3.68,388.97,3.66612007941674,3,过成熟
1956,17.0,3.68,438.351,6.1190778926489,3,过成熟
1957,20.5,3.76,449.658,1.53899251011249,3,过成熟
1958,21.0,3.7,480.194,0.912796779249761,3,过成熟
1959,20.7,3.82,468.656,0.708150095599993,3,过成熟
1960,20.4,3.85,599.415,0.904234566694118,3,过成熟
1961,18.8,3.81,455.965,1.32463987214376,3,过成熟
1962,18.7,3.84,440.658,1.48789713024368,3,过成熟
1963,19.2,3.84,451.273,1.1765097479442,3,过成熟
1964,21.1,3.89,496.193,0.963555648926956,3,过成熟
1965,20.7,3.91,510.038,1.06534944708955,3,过成熟
1966,20.3,3.69,518.96,1.47873420663054,3,过成熟
1967,18.6,3.65,523.575,3.24521148032265,3,过成熟
1968,20.8,3.75,529.652,1.1586014777589,3,过成熟
1969,22.0,3.86,524.806,0.716151671113395,3,过成熟
1970,22.1,3.83,523.575,0.868284571070043,3,过成熟
1971,21.7,3.81,502.884,0.826344302047178,3,过成熟
1972,21.5,3.84,498.885,0.907761546019504,3,过成熟
1973,20.1,3.85,431.275,1.43023754040549,3,过成熟
1974,20.0,3.86,463.734,1.58051544134055,3,过成熟
1975,19.5,3.85,400.738,1.70842427591786,3,过成熟
1976,19.6,3.86,462.58,2.37601579414259,3,过成熟
1977,19.9,3.87,411.122,2.15447635486288,3,过成熟
1978,20.2,3.76,493.654,1.38814794737473,3,过成熟
1979,21.2,3.81,496.116,2.08745167998221,3,过成熟
1980,21.1,3.83,490.27,1.37668023632288,3,过成熟
1981,22.0,3.79,396.893,0.486118882006335,3,过成熟
1982,19.1,3.69,465.349,1.78464739941969,3,过成熟
1983,21.3,3.89,512.115,1.40287933265673,3,过成熟
1984,21.1,3.87,420.66,1.08930873930946,3,过成熟
1985,20.1,3.84,388.432,1.05498408532623,3,过成熟
1986,18.6,3.63,533.19,1.97222281770829,3,过成熟
1987,21.0,3.79,534.805,1.0272815852709,3,过成熟
1988,21.3,3.84,540.651,0.686385413745468,3,过成熟
1989,22.7,3.92,510.038,1.5934948516318,3,过成熟
1990,21.2,3.84,543.112,1.48509232352884,3,过成熟
1991,20.5,3.72,525.421,1.66789171800758,3,过成熟
1992,21.0,3.78,520.575,1.15352412954653,3,过成熟
1993,20.7,3.81,638.182,1.20919313650317,3,过成熟
1994,19.8,3.63,548.419,1.82839293570306,3,过成熟
1995,20.0,3.67,498.116,2.04883755325333,3,过成熟
1996,21.7,3.9,610.184,1.02865876854232,3,过成熟
1997,20.4,3.77,545.65,1.12000779072174,3,过成熟
1998,21.8,3.9,530.19,0.768939764304548,3,过成熟
1999,19.9,3.92,488.886,1.45514174673516,3,过成熟
2000,19.7,3.75,479.04,1.7295861035784,3,过成熟
2001,21.2,3.82,476.579,1.45630612927745,3,过成熟
2002,22.4,3.92,460.811,0.982045883813581,3,过成熟
2003,20.5,3.79,450.119,1.24214660167932,3,过成熟
2004,20.3,3.73,490.039,1.53765860435391,3,过成熟
2005,22.6,3.76,476.733,1.2926718896158,3,过成熟
2006,19.6,3.84,531.267,1.23535298113105,3,过成熟
2007,19.0,3.65,498.116,1.73956559012243,3,过成熟
2008,19.8,3.75,494.962,1.85909228516442,3,过成熟
2009,20.4,3.74,589.955,1.5252772046467,3,过成熟
2010,20.2,3.68,538.574,1.74635760861032,3,过成熟
2011,20.9,3.79,523.191,0.928451951055095,3,过成熟
2012,20.4,3.78,391.662,0.947768459422667,3,过成熟
2013,18.9,3.82,425.813,1.08191614288676,3,过成熟
2014,20.2,3.8,493.347,1.31686797144721,3,过成熟
2015,20.1,3.83,491.655,1.06821622704395,3,过成熟
2016,20.3,3.82,466.426,1.0997298741628,3,过成熟
2017,21.4,3.77,410.199,1.07122508746506,3,过成熟
2018,21.3,3.91,413.891,1.30009850293519,3,过成熟
2019,21.0,3.92,513.345,1.33966124435263,3,过成熟
2020,19.1,3.85,442.043,1.68600421669839,3,过成熟
2021,21.8,3.9,421.506,1.24703834336753,3,过成熟
2022,21.8,3.91,498.116,1.96916928630312,3,过成熟
2023,21.5,3.89,442.658,1.27747206209132,3,过成熟
2024,19.9,3.87,512.499,1.56745655573999,3,过成熟
2025,19.7,3.9,454.196,1.74262131723551,3,过成熟
2026,21.4,3.7,419.045,1.2097690818718,3,过成熟
2027,19.7,3.87,393.354,2.24134150836445,3,过成熟
2028,21.7,3.87,461.503,2.17160637926291,3,过成熟
2029,21.2,3.79,410.045,1.86909210980471,3,过成熟
2030,21.4,3.85,501.808,1.62560850922263,3,过成熟
2031,21.1,3.93,506.346,1.62146763633379,3,过成熟
2032,20.6,3.89,512.038,2.19457917010613,3,过成熟
2033,20.2,3.87,442.735,2.20818054292971,3,过成熟
2034,19.2,3.83,437.428,2.70468154227608,3,过成熟
2035,21.0,3.84,489.039,1.23516682622069,3,过成熟
2036,21.6,3.84,476.656,1.78995618815099,3,过成熟
2037,20.3,3.74,466.964,1.60984952509144,3,过成熟
2038,21.7,3.8,432.736,1.83883288577796,3,过成熟
2039,21.7,3.89,567.726,0.724129013846251,3,过成熟
2040,21.3,3.79,456.888,0.882130128229973,3,过成熟
2041,21.6,3.84,520.96,0.955630528882179,3,过成熟
2042,20.6,3.74,526.652,1.06304095367822,3,过成熟
2043,20.9,3.77,502.115,0.590812338827,3,过成熟
2044,19.8,3.85,449.273,1.01971746156841,3,过成熟
2045,21.1,3.88,465.118,0.635089157288073,3,过成熟
2046,21.8,3.9,508.73,0.808458231019239,3,过成熟
2047,20.3,3.73,543.266,1.03567515070395,3,过成熟
2048,21.5,3.87,501.961,0.660653623088373,3,过成熟
2049,21.7,3.79,472.041,1.15111789640288,3,过成熟
2050,20.7,3.81,469.349,0.737732932050896,3,过成熟
2051,20.8,3.89,433.967,1.20190514784785,3,过成熟
2052,19.8,3.83,477.425,1.2833080147561,3,过成熟
2053,20.2,3.88,496.423,1.07847113712397,3,过成熟
2054,20.7,3.91,428.582,1.70212320169001,3,过成熟
2055,20.4,3.85,407.661,1.15935535867775,3,过成熟
2056,20.7,3.86,481.501,1.07187462243342,3,过成熟
2057,20.7,3.82,395.662,0.936103146759431,3,过成熟
2058,21.4,3.75,443.735,0.860966958466596,3,过成熟
2059,22.1,3.87,495.347,1.05035634747557,3,过成熟
2060,20.6,3.82,379.509,1.4326160531508,3,过成熟
2061,20.7,3.82,477.809,0.503278809094293,3,过成熟
2062,20.9,3.72,508.653,1.52375166417956,3,过成熟
2063,19.8,3.66,533.036,1.59785332951015,3,过成熟
2064,20.8,3.8,469.579,1.08119456704414,3,过成熟
2065,22.0,3.79,436.428,1.65947312309839,3,过成熟
2066,21.2,3.73,449.735,1.11724523837161,3,过成熟
2067,20.2,3.87,406.353,1.71046137018325,3,过成熟
2068,22.0,3.86,437.889,1.2126354205603,3,过成熟
2069,21.4,3.7,550.189,1.60845824774859,3,过成熟
2070,20.2,3.66,477.348,1.27157686249523,3,过成熟
2071,21.3,3.86,381.74,1.85351774356879,3,过成熟
2072,20.7,3.66,562.649,2.16179423237673,3,过成熟
2073,20.0,3.91,465.118,1.25278207645985,3,过成熟
2074,21.0,3.77,393.893,1.30012321867304,3,过成熟
2075,21.0,3.88,509.192,1.15258881793768,3,过成熟
2076,20.4,3.89,475.348,0.787916680239528,3,过成熟
2077,20.0,3.85,447.273,1.51637222160525,3,过成熟
2078,20.5,3.8,451.504,2.08067458421826,3,过成熟
2079,20.4,3.86,517.422,1.52749049337446,3,过成熟
2080,19.9,3.86,416.122,1.55587930185996,3,过成熟
2081,20.3,3.79,538.036,0.759212452081775,3,过成熟
2082,20.5,3.67,533.574,1.17802129446152,3,过成熟
2083,20.8,3.71,389.585,1.13811353141084,3,过成熟
2084,19.5,3.69,493.116,1.58746613011041,3,过成熟
2085,21.6,3.84,482.732,0.482144423282995,3,过成熟
2086,21.1,3.71,454.042,0.576596093405991,3,过成熟
2087,20.2,3.69,501.115,0.892333263176327,3,过成熟
2088,20.9,3.71,517.806,1.44953832109013,3,过成熟
2089,20.6,3.79,483.271,1.08054862755778,3,过成熟
2090,21.3,3.83,489.193,0.588655588913552,3,过成熟
2091,19.6,3.83,460.58,1.75317082927484,3,过成熟
2092,21.7,3.82,520.883,0.705294394165537,3,过成熟
2093,19.9,3.84,410.199,1.2408762371324,3,过成熟
2094,21.3,3.69,554.342,0.690858369987136,3,过成熟
2095,21.2,3.88,417.199,1.09354698038871,3,过成熟
2096,21.8,3.85,436.89,0.889754931784558,3,过成熟
2097,21.7,3.81,500.577,1.05875693212941,3,过成熟
2098,20.6,3.69,519.806,1.34736961594383,3,过成熟
2099,21.3,3.75,453.888,0.755516563349696,3,过成熟
2100,22.3,3.72,490.27,1.32317866479069,3,过成熟
2101,21.9,3.83,569.11,2.03911914922765,3,过成熟
2102,20.6,3.71,532.728,3.08069386499565,3,过成熟
2103,22.3,3.74,518.883,2.15873680573665,3,过成熟
2104,21.3,3.72,405.046,2.14322462986217,3,过成熟
2105,19.8,3.73,416.122,1.85355402491885,3,过成熟
2106,18.5,3.78,440.812,2.45909473546657,3,过成熟
2107,20.9,3.75,445.12,2.55955377260528,3,过成熟
2108,20.0,3.73,557.111,2.08001582987812,3,过成熟
2109,20.4,3.74,503.423,2.60491385011948,3,过成熟
2110,17.5,3.71,354.204,2.5258206831972,3,过成熟
2111,21.0,3.88,458.119,0.453633464624697,3,过成熟
2112,19.9,3.81,526.037,2.51487544906583,3,过成熟
2113,22.0,3.8,476.425,2.46328902653011,3,过成熟
2114,20.7,3.7,468.964,1.91804589165779,3,过成熟
2115,20.9,3.89,443.197,0.841244925558464,3,过成熟
2116,21.3,3.84,515.73,0.690771334344631,3,过成熟
2117,22.1,3.88,438.659,0.964131169612759,3,过成熟
2118,21.8,3.82,474.964,0.449605114413966,3,过成熟
2119,21.5,3.81,406.584,0.665053746115329,3,过成熟
2120,19.8,3.82,480.348,1.59529922651074,3,过成熟
2121,19.8,3.75,458.734,1.0086153626853,3,过成熟
2122,22.0,3.78,498.808,1.00811459556523,3,过成熟
2123,21.6,3.83,433.351,0.408681887950573,3,过成熟
2124,21.2,3.64,517.883,0.739055733795373,3,过成熟
2125,20.4,3.7,462.734,1.350142227285,3,过成熟
2126,19.9,3.66,550.881,1.52786311028351,3,过成熟
2127,18.0,3.69,416.506,1.58020307960122,3,过成熟
2128,22.4,3.71,507.73,0.75186287419711,3,过成熟
2129,21.1,3.75,509.269,1.25591302550307,3,过成熟
2130,21.5,3.83,410.738,0.849689919324753,3,过成熟
2131,18.4,3.83,349.896,3.25414953453203,3,过成熟
2132,18.1,3.72,285.44,2.5658272845429,3,过成熟
2133,17.1,3.79,305.13,3.6704698342545,3,过成熟
2134,17.3,3.69,295.516,3.39827669257612,3,过成熟
2135,17.8,3.76,325.283,3.09007148939291,3,过成熟
2136,18.0,3.75,320.514,2.33818936340985,3,过成熟
2137,18.0,3.7,377.048,3.09439834796924,3,过成熟
2138,23.7,3.75,556.88,1.87717189491573,3,过成熟
2139,17.3,3.67,401.815,3.32123120503253,3,过成熟
2140,16.6,3.62,432.659,3.68586210270403,3,过成熟
2141,18.2,3.72,407.353,2.36530365855469,3,过成熟
2142,17.5,3.63,368.664,3.43677993682695,3,过成熟
2143,17.5,3.67,382.048,2.92410345733128,3,过成熟
2144,18.9,3.78,326.59,1.73740061518413,3,过成熟
2145,18.4,3.72,311.361,2.28323535197016,3,过成熟
2146,17.3,3.59,358.665,4.03792494799991,3,过成熟
2147,17.8,3.66,382.74,5.67296630065532,3,过成熟
2148,18.2,3.75,298.516,2.10903281501454,3,过成熟
2149,19.4,3.71,418.352,2.31627853833217,3,过成熟
2150,19.8,3.81,492.27,1.60320414819545,3,过成熟
2151,18.7,3.68,360.665,1.97949324025532,3,过成熟
2152,20.2,3.81,440.351,1.25600378427928,3,过成熟
2153,18.2,3.73,299.208,2.28912588055658,3,过成熟
2154,21.2,3.65,566.803,1.08777907224225,3,过成熟
2155,20.0,3.7,516.191,1.17928198975405,3,过成熟
2156,22.0,3.77,476.656,0.954456668179859,3,过成熟
2157,18.5,3.7,392.201,1.80006422377838,3,过成熟
2158,18.8,3.69,382.509,1.61829582857349,3,过成熟
2159,22.8,3.81,467.656,0.510258973591349,3,过成熟
2160,23.5,3.8,432.351,0.482371753918423,3,过成熟
